Date,Open,High,Low,Close,Adj Close,Volume
2010-03-31,33.641430,33.801430,33.494286,33.571430,22.726398,107664900
2010-04-01,33.915714,34.104286,33.250000,33.709999,22.820208,150786300
2010-04-05,33.568573,34.072857,33.538570,34.070000,23.063911,171126900
2010-04-06,34.028572,34.320000,33.857143,34.220001,23.165457,111754300
2010-04-07,34.221428,34.560001,34.094284,34.371429,23.267965,157125500
2010-04-08,34.348572,34.505714,34.005714,34.278572,23.205103,143247300
2010-04-09,34.490002,34.555714,34.351429,34.541428,23.383047,83545700
2010-04-12,34.599998,34.724285,34.544285,34.612858,23.431398,83256600
2010-04-13,34.551430,34.685715,34.444286,34.632858,23.444941,76552700
2010-04-14,35.040001,35.115715,34.867142,35.098572,23.760210,101019100
2010-04-15,35.111427,35.575714,35.072857,35.560001,24.072575,94196200
2010-04-16,35.509998,35.877144,34.935715,35.342857,23.925577,187636400
2010-04-19,35.290001,35.412857,34.538570,35.295715,23.893663,141731100
2010-04-20,35.505714,35.607143,34.708572,34.941429,23.653830,184581600
2010-04-21,36.971428,37.178570,36.532856,37.031429,25.068672,245597800
2010-04-22,36.891430,38.107143,36.599998,38.067142,25.769798,198356200
2010-04-23,38.284286,38.882858,38.142857,38.689999,26.191450,199238900
2010-04-26,38.840000,38.922855,38.312859,38.500000,26.062830,119767200
2010-04-27,38.181427,38.262856,37.217144,37.434284,25.341383,177335900
2010-04-28,37.607143,37.714287,36.630001,37.371429,25.298836,189600600
2010-04-29,37.574287,38.571430,37.430000,38.377144,25.979658,139710200
2010-04-30,38.472858,38.652859,37.285713,37.298573,25.249510,135615900
2010-05-03,37.691429,38.268570,37.554287,38.049999,25.758198,113585500
2010-05-04,37.555714,37.612858,36.678570,36.954285,25.016443,180954900
2010-05-05,36.147144,36.877144,35.532856,36.570000,24.756298,220775800
2010-05-06,36.261429,36.892857,28.464285,35.178570,23.814365,321465200
2010-05-07,34.815716,35.224285,32.172855,33.694286,22.809572,419004600
2010-05-10,35.750000,36.378571,35.504284,36.284286,24.562885,246076600
2010-05-11,35.977142,37.127144,35.785713,36.645714,24.807554,212226700
2010-05-12,37.034286,37.590000,36.957142,37.441429,25.346220,163594900
2010-05-13,37.602856,37.857143,36.628571,36.908573,24.985498,149928100
2010-05-14,36.451427,36.639999,35.642857,36.259998,24.546446,189840700
2010-05-17,36.385715,36.597141,35.387142,36.317142,24.585127,190708700
2010-05-18,36.711430,36.935715,35.751427,36.051430,24.405256,195669600
2010-05-19,35.642857,36.131428,34.978573,35.477142,24.016483,256431700
2010-05-20,34.554287,34.835712,33.744286,33.965714,22.993319,320728800
2010-05-21,33.259998,34.928570,33.049999,34.617142,23.434292,305972800
2010-05-24,35.325714,35.842857,35.180000,35.251427,23.863684,188559700
2010-05-25,34.192856,35.251427,33.880001,35.031429,23.714752,262001600
2010-05-26,35.725716,36.018570,34.821430,34.872856,23.607407,212663500
2010-05-27,35.799999,36.270000,35.587143,36.192856,24.500990,166570600
2010-05-28,37.055714,37.057144,36.192856,36.697144,24.842371,203903700
2010-06-01,37.098572,37.991428,36.994286,37.261429,25.224365,219118200
2010-06-02,37.791428,37.828571,37.189999,37.707142,25.526098,172137000
2010-06-03,37.882858,37.935715,37.201427,37.588570,25.445831,162526700
2010-06-04,36.887142,37.414288,36.375713,36.565716,24.753403,189576100
2010-06-07,36.898571,37.021427,35.792858,35.848572,24.267925,221735500
2010-06-08,36.177143,36.257141,35.092857,35.618572,24.112225,250192600
2010-06-09,35.924286,35.985714,34.641430,34.742859,23.519402,213657500
2010-06-10,34.977142,35.854286,34.599998,35.787144,24.226339,194089000
2010-06-11,35.461430,36.265713,35.338570,36.215714,24.516464,136439800
2010-06-14,36.565716,37.021427,36.287144,36.325714,24.590931,150740100
2010-06-15,36.520000,37.121429,36.500000,37.098572,25.114126,146268500
2010-06-16,37.299999,38.250000,37.232857,38.178570,25.845232,195919500
2010-06-17,38.657143,38.985714,38.500000,38.838570,26.292021,218213800
2010-06-18,38.892857,39.285713,38.774284,39.152859,26.504786,196155400
2010-06-21,39.669998,39.858570,38.389999,38.595715,26.127619,194122600
2010-06-22,38.880001,39.424286,38.785713,39.121429,26.483511,179315500
2010-06-23,39.225716,39.237144,38.271427,38.709999,26.204983,192114300
2010-06-24,38.714287,39.028572,38.299999,38.428570,26.014471,178569300
2010-06-25,38.580002,38.610001,37.972858,38.099998,25.792046,137485600
2010-06-28,38.132858,38.535713,37.788570,38.328571,25.946781,146237000
2010-06-29,37.731430,37.770000,36.328571,36.595715,24.773706,283336200
2010-06-30,36.672855,36.852856,35.715714,35.932858,24.324986,184863000
2010-07-01,36.328571,36.400002,34.745716,35.497143,24.030027,255724000
2010-07-02,35.784286,35.847141,34.742859,35.277142,23.881092,173460700
2010-07-06,35.857143,36.114285,35.165714,35.518570,24.044535,153808900
2010-07-07,35.784286,36.967144,35.678570,36.952858,25.015480,163639000
2010-07-08,37.497143,37.557144,36.412857,36.869999,24.959379,184536100
2010-07-09,36.698570,37.128571,36.451427,37.088570,25.107355,108330600
2010-07-12,36.932858,37.407143,36.408573,36.755714,24.882019,140719600
2010-07-13,36.617142,36.628571,35.204285,35.971428,24.351084,297731000
2010-07-14,35.625713,36.542858,35.571430,36.104286,24.441027,203011900
2010-07-15,35.461430,36.709999,35.328571,35.921429,24.317242,206216500
2010-07-16,36.168571,36.424286,35.487144,35.700001,24.167347,259964600
2010-07-19,35.697144,35.697144,34.228573,35.082859,23.749567,256119500
2010-07-20,34.700001,36.128571,34.287144,35.984287,24.359797,268737700
2010-07-21,37.869999,37.878571,36.285713,36.320000,24.587063,296417800
2010-07-22,36.811428,37.142857,36.472858,37.002857,25.049328,161329700
2010-07-23,36.727142,37.197144,36.611427,37.134285,25.138302,133347200
2010-07-26,37.142857,37.157143,36.815716,37.040001,25.074474,105137900
2010-07-27,37.267143,37.828571,37.185715,37.725716,25.538671,146192900
2010-07-28,37.667141,37.998573,37.178570,37.279999,25.236944,129996300
2010-07-29,37.244286,37.521427,36.585712,36.872856,24.961323,160951700
2010-07-30,36.555714,37.099998,36.414288,36.750000,24.878157,112052500
2010-08-02,37.205715,37.512856,37.088570,37.407143,25.323013,107013900
2010-08-03,37.287144,37.608570,37.060001,37.418571,25.330748,104413400
2010-08-04,37.548573,37.754284,37.187141,37.568573,25.432289,105093800
2010-08-05,37.389999,37.597141,37.221428,37.385715,25.308504,72274300
2010-08-06,37.111427,37.355713,36.804287,37.155716,25.152805,111224400
2010-08-09,37.354286,37.450001,37.081429,37.392857,25.313343,75782000
2010-08-10,37.121429,37.207142,36.792858,37.058571,25.087040,112980000
2010-08-11,36.485714,36.527142,35.687141,35.741428,24.195393,155013600
2010-08-12,35.241428,36.157143,35.160000,35.970001,24.350124,133730100
2010-08-13,35.950001,35.982857,35.584286,35.585712,24.089981,88717300
2010-08-16,35.368572,35.715714,35.231430,35.377144,23.948786,79607500
2010-08-17,35.725716,36.375713,35.599998,35.995716,24.367537,105660100
2010-08-18,36.051430,36.381428,35.939999,36.152859,24.473919,84924000
2010-08-19,36.119999,36.211430,35.525715,35.697144,24.165415,106676500
2010-08-20,35.627144,36.274284,35.571430,35.662857,24.142208,96057500
2010-08-23,35.970001,36.000000,35.035713,35.114285,23.770842,103510400
2010-08-24,34.667141,34.714287,34.092857,34.275715,23.203169,150641400
2010-08-25,34.005714,34.855713,33.885715,34.698570,23.489422,149216900
2010-08-26,35.064285,35.107143,34.325714,34.325714,23.237013,116626300
2010-08-27,34.535713,34.658573,33.651428,34.517143,23.366608,137097800
2010-08-30,34.394287,35.107143,34.382858,34.642857,23.451712,95822300
2010-08-31,34.549999,34.937141,34.335712,34.728573,23.509737,105196700
2010-09-01,35.352856,35.922855,35.182858,35.761429,24.208933,174259400
2010-09-02,35.894287,36.024284,35.509998,36.024284,24.386875,103856900
2010-09-03,36.441429,36.968571,36.357143,36.967144,25.025150,130197200
2010-09-07,36.662857,37.075714,36.607143,36.830002,24.932310,85639400
2010-09-08,37.111427,37.770000,37.014286,37.560001,25.426485,131637800
2010-09-09,37.862858,38.074287,37.560001,37.581429,25.440990,109643800
2010-09-10,37.598572,37.785713,37.342857,37.630001,25.473871,96885600
2010-09-13,37.974285,38.325714,37.965714,38.148571,25.824923,97195000
2010-09-14,38.029999,38.452858,37.931427,38.294285,25.923563,102037600
2010-09-15,38.310001,38.625713,38.262856,38.602856,26.132460,107342200
2010-09-16,38.605713,39.524284,38.500000,39.509998,26.746550,163025800
2010-09-17,39.669998,39.708572,39.097141,39.338570,26.630501,158619300
2010-09-20,39.439999,40.540001,39.407143,40.461430,27.390631,164669400
2010-09-21,40.551430,41.049999,40.398571,40.538570,27.442846,167018600
2010-09-22,40.387142,41.139999,40.344284,41.107143,27.827751,146322400
2010-09-23,40.904285,41.822857,40.857143,41.274284,27.940895,196529200
2010-09-24,41.728573,41.932858,41.507141,41.759998,28.269703,162372000
2010-09-27,41.997143,42.104286,41.572857,41.594284,28.157522,120708700
2010-09-28,41.681427,41.681427,39.285713,40.980000,27.741680,258760600
2010-09-29,41.032856,41.401428,40.857143,41.052856,27.791000,117411000
2010-09-30,41.285713,41.428570,40.178570,40.535713,27.440912,168347900
2010-10-01,40.878571,40.939999,40.192856,40.360001,27.321964,112035700
2010-10-04,40.228573,40.414288,39.681427,39.805714,26.946741,108825500
2010-10-05,40.285713,41.349998,40.259998,41.277142,27.942829,125491800
2010-10-06,41.369999,41.712856,40.751427,41.312859,27.967009,167717200
2010-10-07,41.477142,41.497143,40.987144,41.317142,27.969906,102099900
2010-10-08,41.672855,42.071430,41.428570,42.009998,28.438946,164600800
2010-10-11,42.105713,42.462856,42.085712,42.194286,28.563700,106938300
2010-10-12,42.201427,42.785713,41.784286,42.648571,28.871233,139636000
2010-10-13,42.885715,43.137142,42.828571,42.877144,29.025970,157523100
2010-10-14,43.098572,43.209999,42.914288,43.187141,29.235823,108824100
2010-10-15,43.919998,45.000000,43.558571,44.962856,30.437901,230548500
2010-10-18,45.495716,45.571430,44.898571,45.428570,30.753160,273252700
2010-10-19,43.342857,44.824287,42.860001,44.212856,29.930185,308196000
2010-10-20,44.142857,44.892857,43.838570,44.361427,30.030758,180406100
2010-10-21,44.622856,44.962856,43.828571,44.217144,29.933086,137865000
2010-10-22,44.152859,44.291428,43.757141,43.924286,29.734837,93194500
2010-10-25,44.155716,44.514286,44.062859,44.119999,29.867323,98115500
2010-10-26,43.838570,44.248573,43.664288,44.007141,29.790922,98232400
2010-10-27,43.950001,44.271427,43.657143,43.975716,29.769648,99750700
2010-10-28,43.992859,44.000000,42.985714,43.605713,29.519169,137762800
2010-10-29,43.461430,43.697144,42.981430,42.997143,29.107191,107627800
2010-11-01,43.174286,43.657143,43.171429,43.454285,29.416668,105972300
2010-11-02,43.857143,44.312859,43.857143,44.194286,29.917614,108482500
2010-11-03,44.481430,44.697144,44.075714,44.685715,30.250286,127087100
2010-11-04,45.064285,45.740002,45.004284,45.467144,30.779280,160622000
2010-11-05,45.427143,45.652859,45.250000,45.304287,30.669037,90313300
2010-11-08,45.314285,45.681427,45.251427,45.517143,30.813122,70439600
2010-11-09,45.864285,45.900002,44.928570,45.154285,30.567488,95886000
2010-11-10,45.234287,45.538570,44.792858,45.432858,30.756073,96056800
2010-11-11,45.000000,45.485714,44.892857,45.235714,30.622614,90321000
2010-11-12,45.142857,45.214287,43.375713,44.004284,29.788988,198961700
2010-11-15,44.065716,44.362858,43.752857,43.862858,29.693251,100901500
2010-11-16,43.674286,43.942856,42.759998,43.084286,29.166182,164412500
2010-11-17,43.028572,43.427143,42.537144,42.928570,29.060780,119862400
2010-11-18,43.599998,44.238571,43.527142,44.061428,29.827673,123622800
2010-11-19,43.995716,44.057144,43.605713,43.818573,29.663261,96210800
2010-11-22,43.811428,44.765713,43.695713,44.765713,30.304449,98268800
2010-11-23,44.349998,44.535713,43.794285,44.104286,29.856676,129861900
2010-11-24,44.571430,45.057144,44.535713,44.971428,30.443701,103431300
2010-11-26,44.820000,45.385715,44.705715,45.000000,30.463043,59396400
2010-11-29,45.071430,45.354286,44.482857,45.267143,30.643888,111446300
2010-11-30,44.791428,44.908573,44.410000,44.450001,30.090719,125464500
2010-12-01,45.038570,45.392857,45.000000,45.200001,30.598429,115437700
2010-12-02,45.361427,45.571430,44.984287,45.450001,30.767668,115709300
2010-12-03,45.287144,45.521427,45.191429,45.348572,30.699011,85523200
2010-12-06,45.520000,46.047142,45.488571,45.735714,30.961086,112120400
2010-12-07,46.257141,46.284286,45.445713,45.458572,30.773476,97863500
2010-12-08,45.661430,45.860001,45.301430,45.858570,31.044254,80483900
2010-12-09,46.018570,46.071430,45.574287,45.680000,30.923376,73537800
2010-12-10,45.664288,45.864285,45.514286,45.794285,31.000738,65627800
2010-12-13,46.338570,46.437141,45.857143,45.952858,31.108082,109953900
2010-12-14,45.961430,46.077145,45.571430,45.755714,30.974625,87752000
2010-12-15,45.714287,46.142857,45.598572,45.765713,30.981401,104328000
2010-12-16,45.869999,46.087143,45.728573,45.892857,31.067472,80507700
2010-12-17,45.947144,45.970001,45.747143,45.801430,31.005581,96732300
2010-12-20,45.942856,46.178570,45.461430,46.029999,31.160311,96402600
2010-12-21,46.142857,46.341427,46.007141,46.314285,31.352764,64088500
2010-12-22,46.337143,46.531429,46.221428,46.451427,31.445597,66480400
2010-12-23,46.428570,46.450001,46.167141,46.228573,31.294731,55789300
2010-12-27,46.121429,46.491428,45.931427,46.382858,31.399181,62454000
2010-12-28,46.558571,46.665714,46.437141,46.495716,31.475584,43981000
2010-12-29,46.602856,46.635715,46.442856,46.470001,31.458170,40784800
2010-12-30,46.497143,46.501427,46.150002,46.237144,31.300533,39373600
2010-12-31,46.135715,46.211430,45.901428,46.080002,31.194164,48377000
2011-01-03,46.520000,47.180000,46.405716,47.081429,31.872087,111284600
2011-01-04,47.491428,47.500000,46.878571,47.327145,32.038425,77270200
2011-01-05,47.078571,47.762856,47.071430,47.714287,32.300491,63879900
2011-01-06,47.817142,47.892857,47.557144,47.675713,32.274380,75107200
2011-01-07,47.712856,48.049999,47.414288,48.017143,32.505524,77982800
2011-01-10,48.404285,49.032856,48.167141,48.921429,33.117680,112140000
2011-01-11,49.268570,49.279999,48.495716,48.805714,33.039349,111027000
2011-01-12,49.035713,49.204285,48.857143,49.202858,33.308197,75647600
2011-01-13,49.308571,49.520000,49.121429,49.382858,33.430058,74195100
2011-01-14,49.412857,49.782856,49.205715,49.782856,33.700829,77210000
2011-01-18,47.074287,49.251427,46.571430,48.664288,32.943604,470249500
2011-01-19,49.764286,49.799999,48.125713,48.405716,32.768566,283903200
2011-01-20,48.061428,48.328571,47.160000,47.525715,32.172844,191197300
2011-01-21,47.681427,47.840000,46.661430,46.674286,31.596466,188600300
2011-01-24,46.695713,48.207142,46.674286,48.207142,32.634140,143670800
2011-01-25,48.047142,48.777142,47.795715,48.771427,33.016144,136717000
2011-01-26,48.994286,49.371429,48.785713,49.121429,33.253075,126718900
2011-01-27,49.111427,49.241428,48.975716,49.029999,33.191177,71256500
2011-01-28,49.167141,49.200001,47.647144,48.014286,32.503578,148014300
2011-01-31,47.971428,48.577145,47.757141,48.474285,32.814983,94311700
2011-02-01,48.757141,49.378571,48.711430,49.290001,33.367184,106658300
2011-02-02,49.207142,49.321430,49.078571,49.188572,33.298534,64738800
2011-02-03,49.114285,49.177143,48.364285,49.062859,33.213428,98449400
2011-02-04,49.091427,49.528572,49.072857,49.500000,33.509342,80460100
2011-02-07,49.698570,50.464287,49.662857,50.268570,34.029629,121255400
2011-02-08,50.525715,50.788570,50.307144,50.742859,34.350712,95260200
2011-02-09,50.741428,51.285713,50.695713,51.165714,34.636971,120686300
2011-02-10,51.055714,51.428570,49.714287,50.648571,34.286888,232137500
2011-02-11,50.678570,51.114285,50.505714,50.978573,34.510273,91893200
2011-02-14,50.970001,51.354286,50.958572,51.311428,34.735603,77604100
2011-02-15,51.312859,51.424286,51.078571,51.414288,34.805237,71043700
2011-02-16,51.542858,52.128571,51.500000,51.875713,35.117607,120289400
2011-02-17,51.035713,51.467144,50.931427,51.185715,34.650501,132645800
2011-02-18,51.244286,51.357143,49.931427,50.080002,33.901981,204014300
2011-02-22,48.878571,49.342857,48.245716,48.372856,32.746319,218138900
2011-02-23,48.395714,49.234287,48.372856,48.945713,33.134125,167963600
2011-02-24,49.145714,49.307144,48.338570,48.982857,33.159271,124975200
2011-02-25,49.322857,49.775715,49.257141,49.737144,33.669895,95004700
2011-02-28,50.177143,50.721428,50.160000,50.458572,34.158264,100768500
2011-03-01,50.781429,50.817142,49.668571,49.901428,33.781101,114034200
2011-03-02,49.994286,50.621429,49.771427,50.302856,34.052853,150647700
2011-03-03,51.027142,51.398571,50.845715,51.365715,34.772362,125197100
2011-03-04,51.438572,51.470001,51.107143,51.428570,34.814915,113316700
2011-03-07,51.628571,51.667141,50.187141,50.765713,34.366180,136530800
2011-03-08,50.701427,51.057144,50.321430,50.822857,34.404865,89079200
2011-03-09,50.669998,50.680000,50.085712,50.352856,34.086693,113326500
2011-03-10,49.874287,49.967144,49.271427,49.524284,33.525787,126884800
2011-03-11,49.332859,50.331429,49.285713,50.284286,34.040283,117770100
2011-03-14,50.454285,50.925713,50.187141,50.508572,34.192108,108989300
2011-03-15,48.871429,49.691429,48.585712,49.347141,33.405872,180270300
2011-03-16,48.857143,49.000000,46.608570,47.144287,31.914639,290502800
2011-03-17,48.118572,48.515713,47.237144,47.805714,32.362385,164855600
2011-03-18,48.161430,48.314285,47.142857,47.238571,31.978468,188303500
2011-03-21,47.998573,48.534286,47.894287,48.471428,32.813061,102350500
2011-03-22,48.937141,48.945713,48.448570,48.742859,32.996803,81480700
2011-03-23,48.468571,48.602856,47.992859,48.455715,32.802418,93249100
2011-03-24,48.835712,49.428570,48.408573,49.281429,33.361393,101178000
2011-03-25,49.724285,50.294285,49.574287,50.220001,33.996754,112227500
2011-03-28,50.450001,50.617142,50.062859,50.062859,33.890373,77338800
2011-03-29,49.665714,50.137142,49.437141,50.137142,33.940662,88225200
2011-03-30,50.091427,50.125713,49.634285,49.804287,33.715340,82351500
2011-03-31,49.480000,49.971428,49.437141,49.787144,33.703739,68504800
2011-04-01,50.158573,50.227142,49.042858,49.222858,33.321739,104665400
2011-04-04,49.187141,49.228573,48.342857,48.741428,32.995827,115021200
2011-04-05,48.141430,48.892857,48.000000,48.412857,32.773392,120682800
2011-04-06,48.745716,49.128571,48.162857,48.291428,32.691193,100634800
2011-04-07,48.299999,48.632858,48.004284,48.297142,32.695065,93361800
2011-04-08,48.560001,48.592857,47.707142,47.865715,32.403011,94383800
2011-04-11,47.722858,47.952858,47.145714,47.257141,31.991028,99736700
2011-04-12,47.212856,47.675713,47.171429,47.485714,32.145763,106409800
2011-04-13,47.860001,48.020000,47.502857,48.018570,32.506481,86555000
2011-04-14,47.828571,48.000000,47.437141,47.488571,32.147697,75450200
2011-04-15,47.614285,47.662857,46.685715,46.779999,31.668026,113401400
2011-04-18,46.585712,47.461430,45.737144,47.407143,32.092575,152474700
2011-04-19,47.585712,48.282856,47.387142,48.265713,32.673790,104844600
2011-04-20,49.072857,49.392857,48.785713,48.915714,33.113815,175166600
2011-04-21,50.714287,50.732857,49.788570,50.099998,33.915520,188452600
2011-04-25,50.048573,50.535713,50.042858,50.430000,34.138924,66636500
2011-04-26,50.517143,50.712856,49.907143,50.060001,33.888447,84700000
2011-04-27,50.320000,50.335712,49.585712,50.021427,33.862331,89053300
2011-04-28,49.455715,49.964287,49.360001,49.535713,33.533527,90239800
2011-04-29,49.540001,50.564285,49.524284,50.018570,33.860397,251586300
2011-05-02,49.962856,50.067142,49.357143,49.468571,33.488071,110678400
2011-05-03,49.712856,49.984287,49.374287,49.742859,33.673759,78337000
2011-05-04,49.751427,50.261429,49.554287,49.938572,33.806240,97312600
2011-05-05,49.771427,50.135715,49.435715,49.535713,33.533527,83992300
2011-05-06,49.955715,50.000000,49.458572,49.522858,33.524822,70033600
2011-05-09,49.694286,49.885715,49.504284,49.657143,33.615723,51186800
2011-05-10,49.841427,49.955715,49.522858,49.921429,33.794643,70522900
2011-05-11,49.860001,50.000000,49.320000,49.604286,33.579941,84000000
2011-05-12,49.445713,49.588570,48.895714,49.509998,33.516109,80500000
2011-05-13,49.380001,49.464287,48.621429,48.642857,32.929100,81529000
2011-05-16,48.457142,48.745716,47.514286,47.614285,32.232796,112443800
2011-05-17,47.428570,48.020000,47.247143,48.020000,32.507458,113083600
2011-05-18,48.067142,48.721428,48.000000,48.552856,32.868176,83694100
2011-05-19,48.868572,48.915714,48.381428,48.647144,32.931999,65292500
2011-05-20,48.508572,48.707142,47.860001,47.888573,32.418484,84492100
2011-05-23,47.138573,47.997143,47.060001,47.771427,32.339180,95900000
2011-05-24,47.928570,47.985714,47.334286,47.455715,32.125458,80481800
2011-05-25,47.632858,48.365715,47.549999,48.111427,32.569340,73556000
2011-05-26,47.995716,48.127144,47.775715,47.857143,32.397213,55640200
2011-05-27,47.828571,48.232857,47.758572,48.201427,32.630272,50899800
2011-05-31,48.728573,49.689999,48.714287,49.689999,33.637970,104438600
2011-06-01,49.838570,50.304287,49.235714,49.358570,33.413605,138670700
2011-06-02,49.500000,49.711430,49.185715,49.442856,33.470676,84695800
2011-06-03,49.025715,49.332859,48.858570,49.062859,33.213428,78312500
2011-06-06,49.385715,49.578571,48.258572,48.291428,32.691193,115485300
2011-06-07,48.310001,48.317142,47.414288,47.434284,32.110950,132446300
2011-06-08,47.397144,47.828571,47.235714,47.462856,32.130283,83430900
2011-06-09,47.607143,47.667141,47.250000,47.355713,32.057766,68772200
2011-06-10,47.221428,47.380001,46.501427,46.557144,31.517162,108488800
2011-06-13,46.742859,46.901428,46.438572,46.657143,31.584856,82368300
2011-06-14,47.142857,47.607143,47.044285,47.491428,32.149628,83642300
2011-06-15,47.107143,47.185715,46.411430,46.678570,31.599361,99799000
2011-06-16,46.700001,46.954285,45.475716,46.451427,31.445597,127647800
2011-06-17,46.998573,47.035713,45.622856,45.751427,30.971725,153755000
2011-06-20,45.337143,45.385715,44.357143,45.045715,30.493980,160161400
2011-06-21,45.240002,46.542858,45.028572,46.471428,31.459139,123345600
2011-06-22,46.451427,46.985714,46.054287,46.087143,31.198994,97645800
2011-06-23,45.562859,47.384285,45.445713,47.318573,32.032619,139939800
2011-06-24,47.338570,47.592857,46.441429,46.621429,31.560675,109951800
2011-06-27,46.798573,47.700001,46.750000,47.434284,32.110950,84953400
2011-06-28,47.664288,48.099998,47.634285,47.894287,32.422352,73574900
2011-06-29,48.005714,48.052856,47.411430,47.720001,32.304359,88136300
2011-06-30,47.814285,48.018570,47.548573,47.952858,32.462002,80738700
2011-07-01,47.992859,49.071430,47.742859,49.037144,33.196014,108828300
2011-07-05,49.000000,49.975716,48.928570,49.918571,33.792706,88763500
2011-07-06,49.849998,50.585712,49.529999,50.251427,34.018036,111156500
2011-07-07,50.667141,51.142857,50.571430,51.028572,34.544117,99915900
2011-07-08,50.477142,51.428570,50.314285,51.387142,34.786854,122408300
2011-07-11,50.905716,51.395714,50.402859,50.571430,34.234661,110668600
2011-07-12,50.504284,51.097141,49.802856,50.535713,34.210480,112902300
2011-07-13,51.189999,51.428570,50.911430,51.145714,34.623417,97909700
2011-07-14,51.572857,51.658573,50.905716,51.110001,34.599255,107633400
2011-07-15,51.595715,52.142857,51.310001,52.131428,35.290710,121116800
2011-07-18,52.204285,53.521427,52.182858,53.400002,36.149475,143163300
2011-07-19,54.000000,54.092857,53.331429,53.835712,36.444435,204786400
2011-07-20,56.588570,56.610001,55.142857,55.271427,37.416355,235335100
2011-07-21,55.278572,55.722858,54.842857,55.327145,37.454082,131633600
2011-07-22,55.474285,56.435715,55.392857,56.185715,38.035282,129182200
2011-07-25,55.764286,57.142857,55.660000,56.928570,38.538170,147451500
2011-07-26,57.142857,57.785713,57.097141,57.630001,39.013004,119145600
2011-07-27,57.227142,57.520000,56.021427,56.084286,37.966629,164831100
2011-07-28,55.945713,56.712856,55.447144,55.974285,37.892162,148508500
2011-07-29,55.377144,56.450001,54.857143,55.782856,37.762566,158146100
2011-08-01,56.825714,57.071430,56.052856,56.678570,38.368927,153209000
2011-08-02,56.807144,56.842857,55.478573,55.558571,37.610733,159884900
2011-08-03,55.854286,56.221428,54.605713,56.081429,37.964691,183127000
2011-08-04,55.630001,55.902859,53.907143,53.910000,36.494724,217851900
2011-08-05,54.348572,54.785713,51.795715,53.374287,36.132069,301147700
2011-08-08,51.669998,52.538570,50.431427,50.458572,34.158264,285958400
2011-08-09,51.614285,53.515713,50.714287,53.430000,36.169788,270645900
2011-08-10,53.021427,53.521427,51.785713,51.955715,35.171764,219664200
2011-08-11,52.931427,53.635715,52.102856,53.385715,36.139805,185492300
2011-08-12,54.009998,54.234287,53.461430,53.855713,36.457977,132244000
2011-08-15,54.232857,54.995716,54.012856,54.772858,37.078850,115136000
2011-08-16,54.502857,54.767143,53.722858,54.354286,36.795490,124687500
2011-08-17,54.615715,54.931427,54.000000,54.348572,36.791618,110515300
2011-08-18,52.977142,53.235714,51.624287,52.292858,35.399994,212858800
2011-08-19,51.738571,52.428570,50.857143,50.861427,34.430969,193972100
2011-08-22,52.072857,52.125713,50.727142,50.919998,34.470623,133828800
2011-08-23,51.471428,53.377144,51.000000,53.371429,36.130146,164208800
2011-08-24,53.352856,54.137142,52.942856,53.740002,36.379642,156566900
2011-08-25,52.154285,53.635715,52.142857,53.388573,36.141747,217836500
2011-08-26,53.024284,54.828571,52.971428,54.797142,37.095287,160369300
2011-08-29,55.454285,55.928570,55.428570,55.709999,37.713242,101317300
2011-08-30,55.464287,55.977142,55.172855,55.712856,37.715183,104480600
2011-08-31,55.795715,56.011429,54.551430,54.975716,37.216175,130646600
2011-09-01,55.117142,55.334286,54.388573,54.432858,36.848671,85931300
2011-09-02,53.534286,54.000000,53.118572,53.435715,36.173656,109734800
2011-09-06,52.481430,54.332859,52.354286,54.248573,36.723927,127424500
2011-09-07,55.080002,55.085712,54.571430,54.847141,37.129128,87644200
2011-09-08,54.628571,55.515713,54.615715,54.877144,37.149448,104039600
2011-09-09,54.847141,55.142857,53.574287,53.925713,36.505352,141203300
2011-09-12,53.285713,54.411430,53.128571,54.277142,36.743263,116958100
2011-09-13,54.591427,55.172855,54.321430,54.945713,37.195854,110140100
2011-09-14,55.288570,56.029999,55.108570,55.614285,37.648449,133681100
2011-09-15,55.918571,56.237144,55.700001,56.137142,38.002407,104454700
2011-09-16,56.505714,57.214287,56.432858,57.214287,38.731590,174628300
2011-09-19,56.714287,59.032856,56.457142,58.804287,39.807945,205965200
2011-09-20,59.321430,60.408573,58.741428,59.064285,39.983952,193938500
2011-09-21,59.948570,60.227142,58.857143,58.877144,39.857265,151494000
2011-09-22,57.290001,58.545715,56.671429,57.402859,38.859249,242120200
2011-09-23,57.182858,58.105713,57.121429,57.757141,39.099064,136569300
2011-09-26,57.122856,57.711430,55.900002,57.595715,38.989799,203219100
2011-09-27,58.389999,58.464287,56.865715,57.037144,38.611664,158124400
2011-09-28,57.169998,57.677143,56.644287,56.715714,38.394070,107409400
2011-09-29,57.417141,57.458572,55.172855,55.795715,37.771275,162771700
2011-09-30,55.302856,55.555714,54.454285,54.474285,36.876728,136910200
2011-10-03,54.338570,54.662857,53.310001,53.514286,36.226849,167274800
2011-10-04,53.509998,54.542858,50.605713,53.214287,36.023754,308419300
2011-10-05,52.551430,54.259998,51.471428,54.035713,36.579826,196617400
2011-10-06,53.332859,54.968571,53.114285,53.910000,36.494724,203145600
2011-10-07,53.682858,53.962856,52.641430,52.828571,35.762650,133864500
2011-10-10,54.155716,55.544285,54.029999,55.544285,37.601063,110628700
2011-10-11,56.081429,57.597141,55.928570,57.184284,38.711277,151421900
2011-10-12,58.191429,58.464287,57.162857,57.455715,38.895023,155571500
2011-10-13,57.854286,58.347141,57.549999,58.347141,39.498478,106546300
2011-10-14,59.547142,60.285713,59.324287,60.285713,40.810810,143341800
2011-10-17,60.248573,60.957142,59.419998,59.998573,40.616421,171511200
2011-10-18,60.251427,60.687141,59.427143,60.320000,40.834023,220400600
2011-10-19,57.335712,58.345715,56.828571,56.945713,38.549770,276014900
2011-10-20,57.142857,57.192856,56.315716,56.472858,38.229656,137317600
2011-10-21,56.871429,57.020000,55.821430,56.124287,37.993706,155311100
2011-10-24,56.597141,58.071430,56.485714,57.967144,39.241238,125534500
2011-10-25,57.861427,58.078571,56.768570,56.824287,38.467571,107606800
2011-10-26,57.394287,57.507141,56.164288,57.228573,38.741261,114076200
2011-10-27,58.222858,58.428570,57.412857,57.812859,39.136787,123666200
2011-10-28,57.571430,58.049999,57.501427,57.849998,39.161938,80710700
2011-10-31,57.488571,58.475716,57.292858,57.825714,39.145500,96375300
2011-11-01,56.772858,57.071430,56.174286,56.644287,38.345722,132947500
2011-11-02,57.155716,57.205715,56.444286,56.772858,38.432758,81837700
2011-11-03,57.009998,57.628571,56.480000,57.581429,38.980118,110346600
2011-11-04,57.432858,57.634285,57.022858,57.177143,38.706440,75557300
2011-11-07,57.130001,57.142857,56.590000,57.104286,38.657127,67568900
2011-11-08,57.458572,58.285713,57.365715,58.032856,39.285725,100110500
2011-11-09,56.709999,57.270000,56.318573,56.468571,38.226772,139671000
2011-11-10,56.718571,56.744286,54.592857,55.031429,37.253880,186188100
2011-11-11,55.230000,55.528572,54.322857,54.945713,37.195854,163446500
2011-11-14,54.788570,55.035713,54.028572,54.180000,36.677509,108226300
2011-11-15,54.400002,55.642857,54.207142,55.547142,37.603004,107702700
2011-11-16,55.607143,55.877144,54.902859,54.967144,37.210361,87302600
2011-11-17,54.854286,54.939999,53.642857,53.915714,36.498611,119975100
2011-11-18,54.131428,54.284286,53.554287,53.562859,36.259727,92984500
2011-11-21,52.914288,53.097141,52.272858,52.715714,35.686245,111995100
2011-11-22,53.002857,53.990002,52.991428,53.787144,36.411564,102255300
2011-11-23,53.501427,53.691429,52.411430,52.427143,35.490906,107067800
2011-11-25,52.631428,53.021427,51.902859,51.938572,35.160156,63690200
2011-11-28,53.192856,53.817142,52.904285,53.731430,36.373844,86603300
2011-11-29,53.691429,54.118572,52.885715,53.314285,36.091457,93963800
2011-11-30,54.470001,54.611427,54.042858,54.599998,36.961819,101484600
2011-12-01,54.648571,55.571430,54.392857,55.418571,37.515961,96795300
2011-12-02,55.689999,56.232857,55.511429,55.671429,37.687134,94763900
2011-12-05,56.212856,56.630001,55.770000,56.144287,38.007248,89302500
2011-12-06,56.072857,56.375713,55.625713,55.849998,37.808014,70899500
2011-12-07,55.704285,55.848572,55.251427,55.584286,37.628132,76186600
2011-12-08,55.921429,56.500000,55.747143,55.808571,37.779972,94089100
2011-12-09,56.121429,56.291428,55.861427,56.231430,38.066238,74248300
2011-12-12,55.954285,56.271427,55.635715,55.977142,37.894093,75266800
2011-12-13,56.142857,56.485714,55.299999,55.544285,37.601063,84732200
2011-12-14,55.242859,55.340000,53.954285,54.312859,36.767441,101721900
2011-12-15,54.761429,54.820000,54.044285,54.134285,36.646553,64050000
2011-12-16,54.337143,54.878571,54.224285,54.431427,36.847710,105369600
2011-12-19,54.638573,54.978573,54.354286,54.601429,36.962795,58882600
2011-12-20,55.394287,56.585712,55.322857,56.564285,38.291569,84303800
2011-12-21,56.669998,56.757141,56.001427,56.635715,38.339920,65737000
2011-12-22,56.714287,57.018570,56.585712,56.935715,38.543007,50589700
2011-12-23,57.098572,57.655716,57.070000,57.618572,39.005264,67349800
2011-12-27,57.585712,58.441429,57.574287,58.075714,39.314739,66269000
2011-12-28,58.127144,58.321430,57.334286,57.520000,38.938545,57165500
2011-12-29,57.628571,57.950001,57.215714,57.874287,39.178375,53994500
2011-12-30,57.644287,58.040001,57.641430,57.857143,39.166779,44915500
2012-01-03,58.485714,58.928570,58.428570,58.747143,39.769264,75555200
2012-01-04,58.571430,59.240002,58.468571,59.062859,39.982990,65005500
2012-01-05,59.278572,59.792858,58.952858,59.718571,40.426876,67817400
2012-01-06,59.967144,60.392857,59.888573,60.342857,40.849491,79573200
2012-01-09,60.785713,61.107143,60.192856,60.247143,40.784691,98506100
2012-01-10,60.844284,60.857143,60.214287,60.462856,40.930733,64549100
2012-01-11,60.382858,60.407143,59.901428,60.364285,40.863998,53771200
2012-01-12,60.325714,60.414288,59.821430,60.198570,40.751816,53146800
2012-01-13,59.957142,60.064285,59.808571,59.972858,40.599018,56505400
2012-01-17,60.599998,60.855713,60.422855,60.671429,41.071915,60724300
2012-01-18,60.994286,61.352856,60.900002,61.301430,41.498398,69197800
2012-01-19,61.450001,61.624287,60.930000,61.107143,41.366879,65434600
2012-01-20,61.070000,61.071430,59.964287,60.042858,40.646404,103493600
2012-01-23,60.381428,61.207142,60.328571,61.058571,41.334000,76515600
2012-01-24,60.728573,60.728573,59.935715,60.058571,40.657047,136909500
2012-01-25,64.919998,64.921425,63.389999,63.808571,43.195625,239578500
2012-01-26,64.051430,64.112854,63.305714,63.518570,42.999313,80996300
2012-01-27,63.477142,64.068573,63.395714,63.897144,43.255596,74927300
2012-01-30,63.672855,64.842857,63.627144,64.715714,43.809715,94835300
2012-01-31,65.084282,65.462860,64.724289,65.211426,44.145302,97920900
2012-02-01,65.487144,65.570000,65.078575,65.169998,44.117256,67511500
2012-02-02,65.128571,65.309998,64.854286,65.017143,44.013775,46699100
2012-02-03,65.328575,65.714287,65.080002,65.668571,44.454769,71649900
2012-02-06,65.482857,66.425713,65.457146,66.281425,44.869652,62353200
2012-02-07,66.464287,67.107140,66.368568,66.975716,45.339649,79055900
2012-02-08,67.214287,68.112854,67.099998,68.097145,46.098801,101972500
2012-02-09,68.680000,70.964287,68.651428,70.452858,47.693527,221053700
2012-02-10,70.137146,71.088570,69.792854,70.488571,47.717701,157825500
2012-02-13,71.361427,71.975716,71.012856,71.800003,48.605473,129304000
2012-02-14,72.094284,72.794289,71.714287,72.779999,49.268894,115099600
2012-02-15,73.465714,75.184288,70.984283,71.095711,48.128704,376530000
2012-02-16,70.214287,72.127144,69.518570,71.744286,48.567768,236138000
2012-02-17,71.872856,72.538574,71.471428,71.731430,48.559055,133951300
2012-02-21,72.411430,73.550003,72.017143,73.550003,49.790154,151398800
2012-02-22,73.297142,73.641426,72.724289,73.291428,49.615108,120825600
2012-02-23,73.582855,73.975716,72.785713,73.769997,49.939079,142006900
2012-02-24,74.238571,74.699997,74.091431,74.629997,50.521259,103768000
2012-02-27,74.472855,75.500000,73.754288,75.108574,50.845245,136895500
2012-02-28,75.422859,76.487144,75.121429,76.487144,51.778473,150096800
2012-02-29,77.365715,78.230003,76.528572,77.491432,52.458332,238002800
2012-03-01,78.309998,78.315712,76.967140,77.781425,52.654652,170817500
2012-03-02,77.748573,78.114288,77.502853,77.882858,52.723312,107928100
2012-03-05,77.917145,78.211426,75.142860,76.165718,51.560883,202281100
2012-03-06,74.808571,76.241432,73.745712,75.751427,51.280418,202559700
2012-03-07,76.685715,76.825714,74.757141,75.812859,51.322006,199630200
2012-03-08,76.384285,77.570000,76.017143,77.427139,52.414803,129114300
2012-03-09,77.744286,78.248573,77.587143,77.881432,52.722347,104729800
2012-03-12,78.425713,78.857140,78.142860,78.857140,53.382858,101820600
2012-03-13,79.648575,81.168571,79.392860,81.157143,54.939865,172713800
2012-03-14,82.578575,84.959999,82.199997,84.225716,57.017155,354711000
2012-03-15,85.658569,85.715714,82.650002,83.651428,56.628376,289929500
2012-03-16,83.531425,84.171425,82.571426,83.652855,56.629353,206371900
2012-03-19,85.481430,85.967140,84.150002,85.871429,58.131226,225309000
2012-03-20,85.644287,86.699997,84.497147,86.565712,58.601227,204165500
2012-03-21,86.105713,87.092857,85.915718,86.071426,58.266613,161010500
2012-03-22,85.397141,86.357140,85.075714,85.620003,57.961025,155967700
2012-03-23,85.784286,85.971428,84.914284,85.150002,57.642860,107622200
2012-03-26,85.684288,86.735718,85.037140,86.711426,58.699856,148935500
2012-03-27,86.597145,88.040001,86.580002,87.782860,59.425175,151782400
2012-03-28,88.339996,88.778572,87.187141,88.231430,59.728844,163865100
2012-03-29,87.540001,88.080002,86.747147,87.122856,58.978386,152059600
2012-03-30,86.967140,87.222855,85.419998,85.650002,57.981327,182759500
2012-04-02,85.975716,88.395714,85.768570,88.375717,59.826511,149587900
2012-04-03,89.614288,90.315712,88.930000,89.902855,60.860321,208639900
2012-04-04,89.192856,89.408569,88.142860,89.187141,60.375832,143245200
2012-04-05,89.568573,90.665718,89.057144,90.525711,61.281975,160324500
2012-04-09,89.447144,91.405716,89.328575,90.889999,61.528580,149384200
2012-04-10,91.418571,92.000000,89.428574,89.777145,60.775227,222431300
2012-04-11,90.885712,90.981430,89.048569,89.457146,60.558601,174153700
2012-04-12,89.285713,90.190002,88.642860,88.967140,60.226887,153584200
2012-04-13,89.158569,89.242859,86.215714,86.461426,58.530640,214911200
2012-04-16,87.151428,87.182854,82.607140,82.875717,56.103264,262696700
2012-04-17,82.705711,87.142860,81.701431,87.099998,58.962910,256382000
2012-04-18,87.674286,88.607140,86.101425,86.905716,58.831383,238632800
2012-04-19,85.745712,86.389999,83.502853,83.919998,56.810188,208679800
2012-04-20,84.482857,84.945717,81.488571,81.854286,55.411781,257746300
2012-04-23,81.515717,82.381432,79.517143,81.671425,55.288006,241632300
2012-04-24,80.372856,81.098572,79.285713,80.040001,54.183609,269037300
2012-04-25,87.948570,88.285713,86.571426,87.142860,58.991924,226444400
2012-04-26,87.752853,87.812859,86.018570,86.814285,58.769508,134017100
2012-04-27,86.438568,86.597145,85.785713,86.142860,58.314972,101680600
2012-04-30,85.400002,85.485718,83.285713,83.425713,56.475586,126536200
2012-05-01,83.557144,85.251427,83.032860,83.161430,56.296680,152749800
2012-05-02,82.891426,83.914284,82.694283,83.711426,56.668999,106847300
2012-05-03,84.357140,84.485718,82.900002,83.117142,56.266693,97637400
2012-05-04,82.440002,82.622856,80.738571,80.750000,54.664246,132498100
2012-05-07,80.214287,81.824287,80.175713,81.354286,55.073318,115029600
2012-05-08,81.368568,81.642860,79.818573,81.168571,54.947582,124313000
2012-05-09,80.528572,81.997147,80.121429,81.311432,55.044308,120176000
2012-05-10,82.082855,82.268570,81.205711,81.502853,55.173878,83300000
2012-05-11,80.714287,82.067146,80.621429,80.958572,54.805424,99886500
2012-05-14,80.367142,81.072861,79.657143,79.745712,53.984375,88156600
2012-05-15,80.207146,80.459999,78.821426,79.024284,53.496014,119084000
2012-05-16,79.150002,79.555717,77.291428,78.011429,52.810341,140224000
2012-05-17,77.901428,78.214287,75.731430,75.731430,51.266880,179305000
2012-05-18,76.279999,77.629997,74.597145,75.768570,51.292034,183073100
2012-05-21,76.357140,80.220001,76.292854,80.182854,54.280315,157776500
2012-05-22,81.364288,81.982857,78.940002,79.567146,53.863503,173717600
2012-05-23,79.642860,81.828575,79.032860,81.508568,55.177753,146224400
2012-05-24,82.267143,82.357140,80.175713,80.760002,54.671013,124057500
2012-05-25,80.655716,80.835716,79.781425,80.327141,54.377983,82126800
2012-05-29,81.557144,82.000000,80.758568,81.752853,55.343136,95127200
2012-05-30,81.314285,82.855713,80.937141,82.738571,56.010418,132357400
2012-05-31,82.962860,83.071426,81.637146,82.532860,55.871166,122918600
2012-06-01,81.308571,81.807144,80.074287,80.141426,54.252254,130246900
2012-06-04,80.214287,81.071426,78.357140,80.612854,54.571404,139248900
2012-06-05,80.181427,80.924286,79.761429,80.404289,54.430210,97053600
2012-06-06,81.110001,81.978569,80.785713,81.637146,55.264805,100363900
2012-06-07,82.470001,82.474289,81.500000,81.674286,55.289940,94941700
2012-06-08,81.657143,82.940002,81.285713,82.902855,56.121635,86879100
2012-06-11,83.959999,84.071426,81.518570,81.595711,55.236752,147816200
2012-06-12,82.065712,82.374283,80.957146,82.308571,55.719334,108845100
2012-06-13,82.074287,82.639999,81.482857,81.737144,55.332497,73395000
2012-06-14,81.605713,81.928574,81.037140,81.647141,55.271564,86393300
2012-06-15,81.571426,82.088570,81.364288,82.018570,55.522999,83813800
2012-06-18,81.565712,83.984283,81.481430,83.682854,56.649654,110103000
2012-06-19,83.342857,84.285713,83.300003,83.915718,56.807301,90351100
2012-06-20,84.029999,84.178574,82.971428,83.677139,56.645786,89735800
2012-06-21,83.634285,84.031425,82.491432,82.524284,55.865345,81587800
2012-06-22,82.720001,83.169998,82.202858,83.157143,56.293774,71117900
2012-06-25,82.471428,82.828575,81.481430,81.538574,55.198074,76095600
2012-06-26,81.618568,82.070000,81.047142,81.718575,55.319916,69134100
2012-06-27,82.142860,82.391426,81.702858,82.071426,55.558800,50749300
2012-06-28,81.667145,82.000000,80.801430,81.292854,55.031734,70709100
2012-06-29,82.571426,83.428574,82.035713,83.428574,56.477512,105375200
2012-07-02,83.532860,84.781425,83.371429,84.645714,57.301468,100023000
2012-07-03,84.982857,85.714287,84.857140,85.629997,57.967781,60428200
2012-07-05,85.794289,87.762856,85.664284,87.134285,58.986118,121095800
2012-07-06,86.727142,86.919998,85.940002,86.554283,58.593494,104732600
2012-07-09,86.471428,87.699997,86.301430,87.698570,59.368118,94851400
2012-07-10,88.281425,88.552856,86.472855,86.887146,58.818813,127989400
2012-07-11,86.588570,86.808571,85.317146,86.347145,58.453270,117330500
2012-07-12,85.748573,86.209999,84.668571,85.557144,57.918476,107010400
2012-07-13,86.135712,86.741432,85.714287,86.424286,58.505486,77856800
2012-07-16,86.445717,87.374283,86.431427,86.701431,58.693089,75315100
2012-07-17,87.255714,87.357140,86.164284,86.705711,58.696003,73406200
2012-07-18,86.655716,86.905716,86.222855,86.608574,58.630234,63175000
2012-07-19,87.325714,87.907143,86.571426,87.760002,59.409706,109215400
2012-07-20,87.575714,87.777145,86.242859,86.328575,58.440685,99367800
2012-07-23,84.914284,86.557144,83.958572,86.261429,58.395226,121993900
2012-07-24,86.768570,87.097145,85.501427,85.845711,58.113811,141283100
2012-07-25,82.065712,82.971428,81.428574,82.138573,55.604248,219328200
2012-07-26,82.822861,82.914284,81.480003,82.125717,55.595539,101658200
2012-07-27,82.144287,83.690002,81.655716,83.594284,56.589703,100984100
2012-07-30,84.417145,85.634285,83.974289,85.004288,57.544212,94785600
2012-07-31,86.175713,87.385712,86.102859,87.251427,59.065426,115581900
2012-08-01,87.987144,88.057144,86.142860,86.687141,58.683437,96125400
2012-08-02,86.120003,87.241432,85.750000,86.827141,58.778202,83039600
2012-08-03,87.661430,88.282860,87.365715,87.957146,59.543167,86230200
2012-08-06,88.184288,89.267143,87.894287,88.935715,60.205616,75525800
2012-08-07,88.967140,89.285713,88.291428,88.701431,60.047009,72611700
2012-08-08,88.484283,89.125717,88.157143,88.551430,59.945457,61176500
2012-08-09,88.264282,88.818573,88.257141,88.675713,61.881474,55410600
2012-08-10,88.387146,88.822861,88.385712,88.814285,61.978176,48734700
2012-08-13,89.055717,90.000000,89.035713,90.000000,62.805603,69708100
2012-08-14,90.267143,91.230003,90.029999,90.241432,62.974106,85042300
2012-08-15,90.185715,90.571426,89.678574,90.118568,62.888348,64335600
2012-08-16,90.172859,90.965714,90.071426,90.905716,63.437672,63633500
2012-08-17,91.428574,92.598572,91.258568,92.587143,64.611038,110690300
2012-08-20,92.858574,95.021431,92.842857,95.021431,66.309761,153346200
2012-08-21,95.831429,96.411430,92.904289,93.722855,65.403557,203179900
2012-08-22,93.488571,95.571426,92.587143,95.552856,66.680618,141330700
2012-08-23,95.158569,95.699997,94.449997,94.661430,66.058533,105032200
2012-08-24,94.215714,95.639999,93.650002,94.745712,66.117378,109335100
2012-08-27,97.141426,97.267143,96.220001,96.525711,67.359528,106752100
2012-08-28,96.425713,96.585716,95.809998,96.400002,67.271805,66854200
2012-08-29,96.464287,96.809998,96.085716,96.209999,67.139198,50701700
2012-08-30,95.805717,95.935715,94.692856,94.838570,66.182175,75674900
2012-08-31,95.321426,95.514282,93.892860,95.034286,66.318748,84580300
2012-09-04,95.108574,96.448570,94.928574,96.424286,67.288727,91973000
2012-09-05,96.510002,96.621429,95.657143,95.747147,66.816208,84093800
2012-09-06,96.167145,96.898575,95.828575,96.610001,67.418343,97799100
2012-09-07,96.864288,97.497147,96.538574,97.205711,67.834045,82416600
2012-09-10,97.207146,97.612854,94.585716,94.677139,66.069496,121999500
2012-09-11,95.015717,95.728569,93.785713,94.370003,65.855186,125995800
2012-09-12,95.264282,95.699997,93.714287,95.684288,66.772331,178058300
2012-09-13,96.767143,97.928574,96.395714,97.568573,68.087257,149590000
2012-09-14,98.565712,99.568573,98.269997,98.754288,68.914711,150118500
2012-09-17,99.907143,99.971428,99.230003,99.968575,69.762085,99507800
2012-09-18,99.982857,100.332855,99.488571,100.272858,69.974426,93375800
2012-09-19,100.037140,100.570000,99.938568,100.300003,69.993362,81718700
2012-09-20,99.879997,100.008568,99.088570,99.814285,69.654419,84142100
2012-09-21,100.344284,100.724289,99.908569,100.012856,69.793007,142897300
2012-09-24,98.122856,99.302856,97.571426,98.684288,68.865860,159941600
2012-09-25,98.322861,98.968575,96.142860,96.220001,67.146172,129697400
2012-09-26,95.534286,96.098572,94.457146,95.025711,66.312752,144125800
2012-09-27,94.898575,97.452858,94.335716,97.331429,67.921783,148522500
2012-09-28,96.964287,97.301430,95.250000,95.300003,66.504158,133777700
2012-10-01,95.879997,96.678574,93.785713,94.198570,65.735550,135898700
2012-10-02,94.544289,95.192856,92.949997,94.472855,65.926949,156998100
2012-10-03,94.980003,95.980003,94.661430,95.921425,66.937828,106070300
2012-10-04,95.892860,96.321426,95.078575,95.257141,66.474251,92681400
2012-10-05,95.028572,95.142860,93.040001,93.227142,65.057655,148501500
2012-10-08,92.411430,92.508568,90.872856,91.167145,63.620106,159498500
2012-10-09,91.235718,91.498573,89.078575,90.835716,63.388824,209649300
2012-10-10,91.391426,92.139999,91.000000,91.558571,63.893253,127589000
2012-10-11,92.357140,92.457146,89.728569,89.728569,62.616199,136520300
2012-10-12,89.937141,90.768570,89.328575,89.958572,62.776707,115003700
2012-10-15,90.335716,90.732857,89.121429,90.680000,63.280163,108125500
2012-10-16,90.767143,92.900002,90.142860,92.827141,64.778511,137442900
2012-10-17,92.695717,93.255714,92.000000,92.087143,64.262115,97259400
2012-10-18,91.370003,91.722855,90.000000,90.377144,63.068790,119156100
2012-10-19,90.150002,90.252853,87.088570,87.120003,60.795830,186021500
2012-10-22,87.488571,90.768570,87.251427,90.575714,63.207367,136682700
2012-10-23,90.142860,90.557144,87.385712,87.622856,61.146751,176786400
2012-10-24,88.777145,89.507141,87.234283,88.118568,61.492683,139631800
2012-10-25,88.571426,88.857140,86.507141,87.077141,60.765934,164081400
2012-10-26,87.061432,87.714287,84.428574,86.285713,60.213634,254608200
2012-10-31,84.982857,85.994286,83.957146,85.045715,59.348320,127500800
2012-11-01,85.459999,86.142860,84.881432,85.220001,59.469944,90324500
2012-11-02,85.127144,85.278572,82.107140,82.400002,57.502033,149843400
2012-11-05,83.360001,83.967140,82.514282,83.517143,58.281620,132283900
2012-11-06,84.318573,84.391426,82.870003,83.264282,58.105164,93729300
2012-11-07,81.977142,82.077141,79.392860,79.714287,57.456463,198412200
2012-11-08,80.089996,80.318573,76.470001,76.821426,55.371349,264036500
2012-11-09,77.202858,79.268570,76.245712,78.151428,56.329979,232478400
2012-11-12,79.164284,79.214287,76.949997,77.547142,55.894417,128950500
2012-11-13,76.987144,78.639999,76.622856,77.557144,55.901646,133237300
2012-11-14,77.928574,78.207146,76.597145,76.697144,55.281765,119292600
2012-11-15,76.790001,77.071426,74.660004,75.088570,54.122337,197477700
2012-11-16,75.028572,75.714287,72.250000,75.382858,54.334457,316723400
2012-11-19,77.244286,81.071426,77.125717,80.818573,58.252415,205829400
2012-11-20,81.701431,81.707146,79.225716,80.129997,57.756104,160688500
2012-11-21,80.607140,81.052856,79.514282,80.242859,57.837444,93250500
2012-11-23,81.024284,81.714287,80.371429,81.642860,58.846531,68206600
2012-11-26,82.271431,84.285713,81.958572,84.218575,60.703060,157644900
2012-11-27,84.221428,84.345711,82.871429,83.540001,60.213966,133332500
2012-11-28,82.467140,83.685715,81.751427,83.277145,60.024498,130216100
2012-11-29,84.317146,84.892860,83.607140,84.194283,60.685558,128674700
2012-11-30,83.827141,84.057144,83.239998,83.611427,60.265450,97829900
2012-12-03,84.807144,84.941429,83.642860,83.741432,60.359154,91070000
2012-12-04,83.114288,83.114288,81.732857,82.264282,59.294453,139267100
2012-12-05,81.272858,81.321426,76.967140,76.970001,55.478436,261159500
2012-12-06,75.562859,79.044289,74.089996,78.177139,56.348511,294303100
2012-12-07,79.057144,79.314285,75.714287,76.178574,54.907990,196760200
2012-12-10,75.000000,76.930000,74.511429,75.688568,54.554806,157621100
2012-12-11,77.110001,78.508568,76.767143,77.341431,55.746155,148086400
2012-12-12,78.252853,78.285713,76.610001,77.000000,55.500069,121786000
2012-12-13,75.878571,76.805717,75.114288,75.669998,54.541420,156314900
2012-12-14,73.535713,74.018570,72.225716,72.827141,52.492355,252394800
2012-12-17,72.704285,74.285713,71.604286,74.118568,53.423187,189401800
2012-12-18,75.000000,76.414284,74.321426,76.271431,54.974922,156421300
2012-12-19,75.924286,76.242859,75.071426,75.187141,54.193390,112342300
2012-12-20,75.714287,75.742859,74.125717,74.532860,53.721798,120422400
2012-12-21,73.209999,74.238571,72.891426,74.190002,53.474663,149067100
2012-12-24,74.335716,74.892860,74.101425,74.309998,53.561169,43938300
2012-12-26,74.142860,74.208572,73.017143,73.285713,52.822868,75609100
2012-12-27,73.362854,73.750000,72.094284,73.580002,53.034992,113780100
2012-12-28,72.898575,73.497147,72.588570,72.798569,52.471752,88569600
2012-12-31,72.932854,76.485718,72.714287,76.024284,54.796783,164873100
2013-01-02,79.117142,79.285713,77.375717,78.432854,56.532833,140129500
2013-01-03,78.268570,78.524284,77.285713,77.442856,55.819256,88241300
2013-01-04,76.709999,76.947144,75.118568,75.285713,54.264439,148583400
2013-01-07,74.571426,75.614288,73.599998,74.842857,53.945240,121039100
2013-01-08,75.601425,75.984283,74.464287,75.044289,54.090424,114676800
2013-01-09,74.642860,75.001427,73.712860,73.871429,53.245052,101901100
2013-01-10,75.507141,75.531425,73.645714,74.787140,53.905075,150286500
2013-01-11,74.428574,75.045715,74.145714,74.328575,53.574554,87626700
2013-01-14,71.811432,72.500000,71.215714,71.678574,51.664474,183551900
2013-01-15,71.185715,71.284286,69.054283,69.417145,50.034496,219193100
2013-01-16,70.662857,72.777145,70.357140,72.298569,52.111370,172701200
2013-01-17,72.901428,72.964287,71.718575,71.811432,51.760242,113419600
2013-01-18,71.217140,71.745712,70.914284,71.428574,51.484287,118230700
2013-01-22,72.080002,72.554283,70.947144,72.110001,51.975445,115386600
2013-01-23,72.687141,73.570000,72.110001,73.430000,52.926884,215377400
2013-01-24,65.714287,66.532860,64.321426,64.357140,46.387341,365213100
2013-01-25,64.527145,65.175713,62.142857,62.840000,45.293816,302006600
2013-01-28,62.547142,64.744286,62.265713,64.261429,46.318348,196379400
2013-01-29,65.500000,65.742859,64.588570,65.467140,47.187405,142789500
2013-01-30,65.285713,66.085716,64.928574,65.261429,47.039143,104288800
2013-01-31,65.282860,65.611427,64.997147,65.070000,46.901154,79833600
2013-02-01,65.587143,65.639999,64.050003,64.802856,46.708603,134871100
2013-02-04,64.844284,65.134285,63.142857,63.188572,45.545055,119279300
2013-02-05,63.435715,65.677139,63.174286,65.405716,47.143135,143336900
2013-02-06,65.209999,66.642860,64.654289,65.335716,47.092674,148426600
2013-02-07,66.178574,67.142860,64.874283,66.888573,50.250072,176145200
2013-02-08,67.714287,68.401428,66.892860,67.854286,50.975567,158289600
2013-02-11,68.071426,69.277145,67.607140,68.561432,51.506813,129372600
2013-02-12,68.501427,68.911430,66.820000,66.842857,50.215736,152263300
2013-02-13,66.744286,67.662857,66.174286,66.715714,50.120209,118801900
2013-02-14,66.360001,67.377144,66.288574,66.655716,50.075142,88818800
2013-02-15,66.978569,67.165718,65.702858,65.737144,49.385067,97936300
2013-02-19,65.871429,66.104286,64.835716,65.712860,49.366829,108945900
2013-02-20,65.384285,65.384285,64.114288,64.121429,48.171265,119075600
2013-02-21,63.714287,64.167145,63.259998,63.722858,47.871834,111795600
2013-02-22,64.178574,64.514282,63.799999,64.401428,48.381615,82663700
2013-02-25,64.835716,65.017143,63.224285,63.257141,47.521954,93144800
2013-02-26,63.402859,64.505714,62.522858,64.138573,48.184139,125374900
2013-02-27,64.061432,64.634285,62.950001,63.509998,47.711926,146837600
2013-02-28,63.435715,63.981430,63.057144,63.057144,47.371716,80628800
2013-03-01,62.571430,62.597141,61.425713,61.495716,46.198692,138112100
2013-03-04,61.114285,61.171429,59.857143,60.007141,45.080402,145688900
2013-03-05,60.211430,62.169998,60.107143,61.591427,46.270596,159608400
2013-03-06,62.072857,62.178570,60.632858,60.808571,45.682476,115062500
2013-03-07,60.642857,61.715714,60.151428,61.511429,46.210495,117118400
2013-03-08,61.400002,62.204285,61.230000,61.674286,46.332844,97870500
2013-03-11,61.392857,62.715714,60.734287,62.552856,46.992863,118559000
2013-03-12,62.228573,62.697144,61.081429,61.204285,45.979752,116477900
2013-03-13,61.207142,62.071430,60.765713,61.192856,45.971157,101387300
2013-03-14,61.832859,62.091427,61.492859,61.785713,46.416542,75968900
2013-03-15,62.561428,63.461430,62.464287,63.380001,47.614262,160990200
2013-03-18,63.064285,65.351425,63.028572,65.102859,48.908558,151549300
2013-03-19,65.642860,65.852859,64.071426,64.927139,48.776543,131693800
2013-03-20,65.345711,65.375717,64.227142,64.582855,48.517902,77165200
2013-03-21,64.317146,65.425713,64.300003,64.675713,48.587666,95813900
2013-03-22,64.940002,66.014282,64.730003,65.987144,49.572872,98776300
2013-03-25,66.384285,67.135712,65.968575,66.225716,49.752098,125283900
2013-03-26,66.491432,66.548569,65.790001,65.877144,49.490242,73573500
2013-03-27,65.208572,65.257141,64.389999,64.582855,48.517902,82809300
2013-03-28,64.260002,64.545715,63.088570,63.237144,47.506943,110709900
2013-04-01,63.128571,63.385715,61.105713,61.272858,46.031269,97433000
2013-04-02,61.085712,62.591427,60.914288,61.398571,46.125710,132379800
2013-04-03,61.624287,62.468571,61.472858,61.712856,46.361816,90804000
2013-04-04,61.965714,62.142857,60.750000,61.102856,45.903553,89611900
2013-04-05,60.642857,60.707142,59.954285,60.457142,45.418461,95923800
2013-04-08,60.692856,61.071430,60.355713,60.887142,45.741501,75207300
2013-04-09,60.908573,61.214287,60.392857,60.997143,45.824142,76653500
2013-04-10,61.157143,62.437141,60.858570,62.241428,46.758904,93982000
2013-04-11,61.959999,62.570000,61.599998,62.047142,46.612953,82091100
2013-04-12,62.021427,62.021427,61.298573,61.400002,46.126785,59653300
2013-04-15,61.000000,61.127144,59.935715,59.978573,45.058937,79380000
2013-04-16,60.224285,60.944286,60.081429,60.891430,45.744720,76442800
2013-04-17,60.038570,60.085712,56.872856,57.542858,43.229103,236264000
2013-04-18,57.855713,57.970001,55.677143,56.007141,42.075397,166574800
2013-04-19,55.424286,57.085712,55.014286,55.790001,41.912270,152318600
2013-04-22,56.091427,57.457142,55.895714,56.952858,42.785870,107480100
2013-04-23,57.712856,58.340000,56.972858,58.018570,43.586483,166059600
2013-04-24,56.220001,59.321430,56.071430,57.922855,43.514576,242412800
2013-04-25,58.747143,59.134285,58.142857,58.340000,43.827953,96209400
2013-04-26,58.544285,59.824287,58.321430,59.599998,44.774532,191024400
2013-04-29,60.064285,61.945713,60.000000,61.445713,46.161125,160081600
2013-04-30,62.157143,63.607143,61.724285,63.254284,47.519817,172884600
2013-05-01,63.494286,63.561428,62.055714,62.755714,47.145260,126727300
2013-05-02,63.111427,64.084282,62.947144,63.645714,47.813877,105457100
2013-05-03,64.472855,64.747147,64.164284,64.282860,48.292530,90325200
2013-05-06,65.101425,66.028572,64.901428,65.815712,49.444092,124160400
2013-05-07,66.424286,66.535713,64.814285,65.522858,49.224079,120938300
2013-05-08,65.577141,66.481430,65.115715,66.262856,49.780014,118149500
2013-05-09,65.687141,66.142860,65.082855,65.252853,51.386501,99621900
2013-05-10,65.424286,65.672859,64.354286,64.709999,50.959003,83713000
2013-05-13,64.501427,65.414284,64.500000,64.962860,51.158127,79237200
2013-05-14,64.835716,65.028572,63.164288,63.408573,49.934139,111779500
2013-05-15,62.737144,63.000000,60.337143,61.264286,48.245518,185403400
2013-05-16,60.462856,62.549999,59.842857,62.082859,48.890141,150801000
2013-05-17,62.721428,62.869999,61.572857,61.894287,48.741634,106976100
2013-05-20,61.701427,63.685715,61.442856,63.275715,49.829506,112894600
2013-05-21,62.592857,63.639999,62.028572,62.808571,49.461632,114005500
2013-05-22,63.435715,64.050003,62.602856,63.049999,49.651760,110759600
2013-05-23,62.278572,63.737144,62.255714,63.162857,49.740639,88255300
2013-05-24,62.978573,63.665714,62.908573,63.592857,50.079258,69041700
2013-05-28,64.271431,64.444283,62.978573,63.062859,49.661888,96536300
2013-05-29,62.857143,63.928570,62.771427,63.564285,50.056763,82644100
2013-05-30,63.664288,64.928574,63.501427,64.511429,50.802620,88379900
2013-05-31,64.642860,65.300003,64.214287,64.247147,50.594505,96075700
2013-06-03,64.389999,64.622856,63.211430,64.388573,50.705879,93088100
2013-06-04,64.745712,64.918571,63.912857,64.187141,50.547253,73182200
2013-06-05,63.664288,64.388573,63.387142,63.587143,50.074749,72647400
2013-06-06,63.638573,63.857143,62.007141,62.637142,49.326630,104233500
2013-06-07,62.357143,63.320000,61.824287,63.115715,49.703495,101133900
2013-06-10,63.532856,64.154289,62.400002,62.698570,49.375011,112538300
2013-06-11,62.248573,63.251427,61.902859,62.514286,49.229885,71528100
2013-06-12,62.785713,63.035713,61.642857,61.741428,48.621258,66306800
2013-06-13,61.785713,62.448570,61.250000,62.279999,49.045383,71458100
2013-06-14,62.200001,62.327145,61.214287,61.435715,48.380501,67966500
2013-06-17,61.634285,62.242859,61.480000,61.714287,48.599888,64853600
2013-06-18,61.651428,62.128571,61.458572,61.681427,48.574013,48756400
2013-06-19,61.628571,61.665714,60.428570,60.428570,47.587383,77735000
2013-06-20,59.900002,60.854286,59.310001,59.548573,46.894386,89327700
2013-06-21,59.784286,60.000000,58.299999,59.071430,46.518639,120279600
2013-06-24,58.200001,58.380001,56.864285,57.505714,45.285645,120186500
2013-06-25,57.957142,58.255714,56.975716,57.518570,45.295761,78540700
2013-06-26,57.700001,57.827145,56.522858,56.867142,44.782761,91931000
2013-06-27,57.035713,57.341427,56.220001,56.254284,44.300152,84311500
2013-06-28,55.908573,57.181427,55.552856,56.647144,44.609520,144629100
2013-07-01,57.527142,58.895714,57.317142,58.459999,46.037144,97763400
2013-07-02,58.565716,60.232857,58.495716,59.784286,47.080013,117466300
2013-07-03,60.122856,60.425713,59.635715,60.114285,47.339897,60232200
2013-07-05,60.055714,60.470001,59.335712,59.631428,46.959633,68506200
2013-07-08,60.015713,60.142857,58.664288,59.292858,46.693024,74534600
2013-07-09,59.085712,60.500000,58.625713,60.335712,47.514259,88146100
2013-07-10,59.942856,60.685715,59.750000,60.104286,47.332016,70351400
2013-07-11,60.421429,61.178570,60.167141,61.041428,48.070007,81573100
2013-07-12,61.092857,61.398571,60.487144,60.930000,47.982258,69890800
2013-07-15,60.715714,61.637142,60.685715,61.062859,48.086895,60479300
2013-07-16,60.931427,61.529999,60.595715,61.457142,48.397388,54134500
2013-07-17,61.385715,61.745716,61.174286,61.472858,48.409760,49747600
2013-07-18,61.911430,62.124287,61.515713,61.680000,48.572884,54719700
2013-07-19,61.871429,61.997143,60.621429,60.707142,47.806759,67180400
2013-07-22,61.351429,61.392857,60.781429,60.901428,47.959751,51949100
2013-07-23,60.857143,60.994286,59.815716,59.855713,47.136261,92348900
2013-07-24,62.704285,63.512856,62.180000,62.930000,49.557259,147984200
2013-07-25,62.957142,63.057144,62.258572,62.642857,49.331131,57373400
2013-07-26,62.185715,63.005714,62.048573,62.998573,49.611259,50038100
2013-07-29,62.971428,64.284286,62.885715,63.970001,50.376263,62014400
2013-07-30,64.279999,65.307144,64.175713,64.760002,50.998383,77355600
2013-07-31,64.998573,65.334282,64.204285,64.647141,50.909496,80739400
2013-08-01,65.107140,65.257141,64.751427,65.239998,51.376381,51562700
2013-08-02,65.430000,66.121429,65.237144,66.077141,52.035625,68695900
2013-08-05,66.384285,67.238571,66.021431,67.064285,52.812996,79713900
2013-08-06,66.860001,67.412857,66.024284,66.464287,52.340500,83714400
2013-08-07,66.257141,66.714287,65.967140,66.425713,52.310131,74714500
2013-08-08,66.265717,66.300003,65.421425,65.858574,54.359474,63944300
2013-08-09,65.519997,65.779999,64.807144,64.921425,53.585949,66716300
2013-08-12,65.265717,66.949997,65.232857,66.765717,55.108223,91108500
2013-08-13,67.277145,70.665718,66.864288,69.938568,57.727097,220485300
2013-08-14,71.125717,72.035713,70.485718,71.214287,58.780064,189093100
2013-08-15,70.917145,71.771431,69.868568,71.129997,58.710487,122573500
2013-08-16,71.449997,71.848572,71.265717,71.761429,59.231678,90576500
2013-08-19,72.048569,73.391426,72.000000,72.534286,59.869579,127629600
2013-08-20,72.815712,72.938568,71.545715,71.581429,59.083099,89672100
2013-08-21,71.941429,72.449997,71.599998,71.765717,59.235214,83969900
2013-08-22,72.139999,72.227142,71.171425,71.851425,59.305954,61051900
2013-08-23,71.895714,71.907143,71.335716,71.574287,59.077213,55682900
2013-08-26,71.535713,72.885712,71.500000,71.852859,59.307129,82741400
2013-08-27,71.142860,71.787140,69.471428,69.798569,57.611534,106047200
2013-08-28,69.428574,70.828575,69.428574,70.128571,57.883915,76902000
2013-08-29,70.235718,70.928574,70.161430,70.242859,57.978252,59914400
2013-08-30,70.285713,70.421425,69.500000,69.602859,57.449997,68074300
2013-09-03,70.442856,71.514282,69.621429,69.797142,57.610352,82982200
2013-09-04,71.365715,71.748573,70.897141,71.241432,58.802460,86258200
2013-09-05,71.464287,71.525711,70.519997,70.752853,58.399200,59091900
2013-09-06,71.205711,71.339996,69.992859,71.174286,58.747040,89881400
2013-09-09,72.142860,72.559998,71.925713,72.309998,59.684471,85171800
2013-09-10,72.314285,72.492859,69.928574,70.662857,58.324917,185798900
2013-09-11,66.715714,67.669998,66.401428,66.815712,55.149490,224674100
2013-09-12,66.928574,67.914284,66.572861,67.527145,55.736706,101012800
2013-09-13,67.048569,67.404289,66.385712,66.414284,54.818153,74708900
2013-09-16,65.857140,65.944283,63.888573,64.302856,53.075386,135926700
2013-09-17,63.994286,65.672859,63.928570,65.045715,53.688541,99845200
2013-09-18,66.168571,66.621429,65.808571,66.382858,54.792210,114215500
2013-09-19,67.242859,67.975716,67.035713,67.471428,55.690716,101135300
2013-09-20,68.285713,68.364288,66.571426,66.772858,55.114117,174825700
2013-09-23,70.871429,70.987144,68.942856,70.091431,57.853260,190526700
2013-09-24,70.697144,70.781425,69.688568,69.871429,57.671673,91086100
2013-09-25,69.885712,69.948570,68.775711,68.790001,56.779060,79239300
2013-09-26,69.428574,69.794289,69.128571,69.459999,57.332073,59305400
2013-09-27,69.111427,69.238571,68.674286,68.964287,56.922916,57010100
2013-09-30,68.178574,68.808571,67.772858,68.107140,56.215424,65039100
2013-10-01,68.349998,69.877144,68.339996,69.708572,57.537251,88470900
2013-10-02,69.375717,70.257141,69.107140,69.937141,57.725910,72296000
2013-10-03,70.072861,70.335716,68.677139,69.058571,57.000740,80688300
2013-10-04,69.122856,69.228569,68.371429,69.004288,56.955944,64717100
2013-10-07,69.508568,70.378571,69.335716,69.678574,57.512489,78073100
2013-10-08,69.991432,70.091431,68.648575,68.705711,56.709492,72729300
2013-10-09,69.234283,69.684288,68.325714,69.512856,57.375713,75431300
2013-10-10,70.188568,70.339996,69.577141,69.948570,57.735344,69650700
2013-10-11,69.570000,70.548569,69.308571,70.401428,58.109135,66934700
2013-10-14,69.975716,71.082855,69.907143,70.862854,58.489994,65474500
2013-10-15,71.072861,71.714287,70.788574,71.239998,58.801285,80018400
2013-10-16,71.541428,71.790001,71.318573,71.587143,59.087814,62775300
2013-10-17,71.425713,72.111427,71.382858,72.071426,59.487545,63398300
2013-10-18,72.284286,72.751427,72.244286,72.698570,60.005184,72635500
2013-10-21,73.110001,74.900002,73.074287,74.480003,61.475567,99526700
2013-10-22,75.201431,75.492859,72.575714,74.267143,61.299870,133515900
2013-10-23,74.142860,75.095711,74.142860,74.994286,61.900055,78430800
2013-10-24,75.000000,76.067146,74.635712,75.987144,62.719570,96191200
2013-10-25,75.902855,76.175713,75.015717,75.137146,62.017982,84448000
2013-10-28,75.577141,75.857140,74.744286,75.697144,62.480202,137610200
2013-10-29,76.610001,77.035713,73.505714,73.811432,60.923729,158951800
2013-10-30,74.230003,75.360001,73.860001,74.985718,61.892994,88540900
2013-10-31,75.000000,75.355713,74.467140,74.671425,61.633568,68924100
2013-11-01,74.860001,74.971428,73.691429,74.290001,61.318752,68722500
2013-11-04,74.442856,75.260002,74.115715,75.250000,62.111134,61156900
2013-11-05,74.940002,75.555717,74.714287,75.064285,61.957836,66303300
2013-11-06,74.878571,74.980003,74.028572,74.417145,64.025131,55843900
2013-11-07,74.225716,74.741432,73.197144,73.212860,62.989044,65655100
2013-11-08,73.511429,74.447144,73.227142,74.365715,63.980896,69829200
2013-11-11,74.284286,74.524284,73.487144,74.150002,63.795311,56863100
2013-11-12,73.952858,74.845711,73.857140,74.287140,63.913284,51069200
2013-11-13,74.000000,74.607140,73.851425,74.375717,63.989510,49305200
2013-11-14,74.687141,75.611427,74.552856,75.451431,64.915001,70604800
2013-11-15,75.225716,75.584282,74.927139,74.998573,64.525375,79480100
2013-11-18,74.998573,75.312859,74.028572,74.089996,63.743679,61236000
2013-11-19,74.147141,74.768570,73.995712,74.221428,63.856750,52234700
2013-11-20,74.175713,74.345711,73.475716,73.571426,63.297546,48479200
2013-11-21,73.942856,74.458572,73.381432,74.448570,64.052185,65506700
2013-11-22,74.217140,74.594284,74.075714,74.257141,63.887493,55931400
2013-11-25,74.431427,75.124283,74.428574,74.820000,64.371765,57327900
2013-11-26,74.874283,76.591431,74.857140,76.199997,65.559044,100345700
2013-11-27,76.615715,78.000000,76.199997,77.994286,67.102768,90862100
2013-11-29,78.497147,79.761429,78.258568,79.438568,68.345360,79531900
2013-12-02,79.714287,80.618568,78.688568,78.747147,67.750488,118136200
2013-12-03,79.757141,80.911430,79.668571,80.902855,69.605171,112742000
2013-12-04,80.785713,81.312859,80.117142,80.714287,69.442917,94452400
2013-12-05,81.807144,82.162857,80.915718,81.128571,69.799377,111895000
2013-12-06,80.827141,80.964287,79.938568,80.002853,68.830841,86088100
2013-12-09,80.128571,81.368568,80.128571,80.918571,69.618683,80123400
2013-12-10,80.511429,81.125717,80.171425,80.792854,69.510536,69567400
2013-12-11,81.000000,81.567146,79.955711,80.194283,68.995529,89929700
2013-12-12,80.305717,80.762856,80.004288,80.077141,68.894753,65572500
2013-12-13,80.407143,80.411430,79.095711,79.204285,68.143784,83205500
2013-12-16,79.288574,80.377144,79.287140,79.642860,68.521141,70648200
2013-12-17,79.401428,79.919998,79.054283,79.284286,68.212624,57475600
2013-12-18,78.528572,78.778572,76.971428,78.681427,67.693947,141465800
2013-12-19,78.500000,78.571426,77.675713,77.779999,66.918411,80077200
2013-12-20,77.918571,78.801430,77.831429,78.431427,67.478859,109103400
2013-12-23,81.142860,81.531425,80.394287,81.441429,70.068535,125326600
2013-12-24,81.412857,81.697144,80.861427,81.095711,69.771080,41888700
2013-12-26,81.157143,81.357140,80.482857,80.557144,69.307716,51002000
2013-12-27,80.545715,80.629997,79.928574,80.012856,68.839447,56471100
2013-12-30,79.637146,80.012856,78.902855,79.217140,68.154846,63407400
2013-12-31,79.167145,80.182854,79.142860,80.145714,68.953743,55771100
2014-01-02,79.382858,79.575714,78.860001,79.018570,67.984016,58671200
2014-01-03,78.980003,79.099998,77.204285,77.282860,66.490685,98116900
2014-01-06,76.778572,78.114288,76.228569,77.704285,66.853249,103152700
2014-01-07,77.760002,77.994286,76.845711,77.148575,66.375145,79302300
2014-01-08,76.972855,77.937141,76.955711,77.637146,66.795509,64632400
2014-01-09,78.114288,78.122856,76.478569,76.645714,65.942513,69787200
2014-01-10,77.118568,77.257141,75.872856,76.134285,65.502510,76244000
2014-01-13,75.701431,77.500000,75.697144,76.532860,65.845413,94623200
2014-01-14,76.888573,78.104286,76.808571,78.055717,67.155609,83140400
2014-01-15,79.074287,80.028572,78.808571,79.622856,68.503906,97909700
2014-01-16,79.271431,79.550003,78.811432,79.178574,68.121674,57319500
2014-01-17,78.782860,78.867142,77.128571,77.238571,66.452576,106684900
2014-01-21,77.284286,78.581429,77.202858,78.438568,67.485001,82131700
2014-01-22,78.701431,79.612854,78.258568,78.787140,67.784882,94996300
2014-01-23,78.562859,79.500000,77.830002,79.454285,68.358871,100809800
2014-01-24,79.142860,79.374283,77.821426,78.010002,67.116272,107338700
2014-01-27,78.581429,79.257141,77.964287,78.642860,67.660751,138719700
2014-01-28,72.680000,73.571426,71.724289,72.357140,62.252819,266380800
2014-01-29,71.992859,72.481430,71.231430,71.535713,61.546089,125702500
2014-01-30,71.791428,72.357140,70.957146,71.397141,61.426872,169625400
2014-01-31,70.739998,71.647141,70.507141,71.514282,61.527653,116199300
2014-02-03,71.801430,72.532860,71.328575,71.647141,61.641956,100366000
2014-02-04,72.264282,72.779999,71.822861,72.684288,62.534294,94170300
2014-02-05,72.365715,73.611427,72.321426,73.227142,63.001320,82086200
2014-02-06,72.865715,73.357140,72.544289,73.215714,65.729195,64441300
2014-02-07,74.482857,74.704285,73.911430,74.239998,66.648750,92570100
2014-02-10,74.094284,75.998573,74.000000,75.570000,67.842743,86389800
2014-02-11,75.801430,76.821426,75.642860,76.565712,68.736633,70564200
2014-02-12,76.707146,77.080002,76.177139,76.559998,68.731514,77025200
2014-02-13,76.379997,77.835716,76.314285,77.775711,69.822906,76849500
2014-02-14,77.495712,77.997147,77.315712,77.712860,69.766510,68231100
2014-02-18,78.000000,78.741432,77.944283,77.998573,70.022995,65062900
2014-02-19,77.821426,78.127144,76.335716,76.767143,68.917488,78442000
2014-02-20,76.141426,76.714287,75.571426,75.878571,68.119759,76464500
2014-02-21,76.112854,76.367142,74.942856,75.035713,67.363091,69696200
2014-02-24,74.735718,75.702858,74.631432,75.364288,67.658081,72227400
2014-02-25,75.625717,75.652855,74.428574,74.580002,66.953979,57988000
2014-02-26,74.801430,75.000000,73.657143,73.907143,66.349915,69054300
2014-02-27,73.877144,75.540001,73.721428,75.381432,67.673462,75470500
2014-02-28,75.582855,76.107140,74.588570,75.177139,67.490059,92992200
2014-03-03,74.774284,75.807144,74.687141,75.394287,67.684998,59695300
2014-03-04,75.857140,76.091431,75.395714,75.891426,68.131310,64785000
2014-03-05,75.845711,76.392860,75.589996,76.051430,68.274956,50015700
2014-03-06,76.112854,76.348572,75.442856,75.821426,68.068459,46372200
2014-03-07,75.870003,75.997147,75.150002,75.777145,68.028717,55182400
2014-03-10,75.480003,76.190002,75.477142,75.845711,68.090263,44646000
2014-03-11,76.492859,76.962860,76.084282,76.584282,68.753296,69806100
2014-03-12,76.358574,76.764282,76.000000,76.658569,68.820023,49831600
2014-03-13,76.777145,77.094284,75.594284,75.807144,68.055641,64435700
2014-03-14,75.541428,75.841431,74.714287,74.955711,67.291275,59299800
2014-03-17,75.385712,75.709999,75.121429,75.248573,67.554192,49886200
2014-03-18,75.128571,75.995712,75.028572,75.914284,68.151840,52411800
2014-03-19,76.037140,76.605713,75.571426,75.894287,68.133865,56189000
2014-03-20,75.698570,76.095711,75.335716,75.528572,67.805557,52099600
2014-03-21,75.989998,76.250000,75.190002,76.124283,68.340347,93511600
2014-03-24,76.917145,77.214287,76.437141,77.027145,69.150902,88925200
2014-03-25,77.357140,77.964287,77.084282,77.855713,69.894737,70573300
2014-03-26,78.074287,78.428574,76.980003,77.111427,69.226570,74942000
2014-03-27,77.145714,77.357140,76.445717,76.779999,68.929016,55507900
2014-03-28,76.902855,76.991432,76.321426,76.694283,68.852074,50141000
2014-03-31,77.032860,77.258568,76.561432,76.677139,68.836693,42167300
2014-04-01,76.822861,77.410004,76.681427,77.378571,69.466385,50190000
2014-04-02,77.482857,77.639999,77.180000,77.507141,69.581795,45105200
2014-04-03,77.341431,77.500000,76.805717,76.970001,69.099594,40586000
2014-04-04,77.115715,77.142860,75.797142,75.974289,68.205704,68812800
2014-04-07,75.431427,75.842857,74.555717,74.781425,67.134804,72462600
2014-04-08,75.027145,75.160004,74.099998,74.777145,67.130959,60972100
2014-04-09,74.662857,75.784286,74.574287,75.760002,68.013313,51542400
2014-04-10,75.811432,76.034286,74.738571,74.782860,67.136108,59913000
2014-04-11,74.142860,74.690002,73.877144,74.230003,66.639763,67929400
2014-04-14,74.557144,74.594284,73.887146,74.525711,66.905251,51418500
2014-04-15,74.324287,74.519997,73.047142,73.994286,66.428162,66622500
2014-04-16,74.007141,74.441429,73.448570,74.144287,66.562820,53691400
2014-04-17,74.285713,75.394287,74.171425,74.991432,67.323341,71083600
2014-04-21,75.048569,76.019997,74.851425,75.881432,68.122330,45637200
2014-04-22,75.472855,75.975716,75.214287,75.957146,68.190300,50640800
2014-04-23,75.580002,75.875717,74.921425,74.964287,67.298973,98735000
2014-04-24,81.172859,81.428574,80.104286,81.110001,72.816269,189977900
2014-04-25,80.647141,81.712860,80.565712,81.705711,73.351059,97568800
2014-04-28,81.828575,85.107140,81.792854,84.870003,76.191788,167371400
2014-04-29,84.820000,85.139999,84.215714,84.618568,75.966095,84344400
2014-04-30,84.662857,85.632858,84.257141,84.298569,75.678802,114160200
2014-05-01,84.571426,84.971428,83.765717,84.497147,75.857063,61012000
2014-05-02,84.620003,84.885712,84.244286,84.654289,75.998154,47878600
2014-05-05,84.305717,85.857140,84.285713,85.851425,77.072868,71766800
2014-05-06,85.971428,86.344284,84.915718,84.915718,76.232849,93641100
2014-05-07,85.035713,85.327141,83.961426,84.618568,75.966095,70716100
2014-05-08,84.035713,84.915718,83.771431,83.998573,78.460022,57574300
2014-05-09,83.505714,83.750000,82.904289,83.648575,78.133110,72899400
2014-05-12,83.927139,84.808571,83.914284,84.690002,79.105858,53302200
2014-05-13,84.571426,84.934288,84.385712,84.822861,79.229965,39934300
2014-05-14,84.632858,85.342857,84.534286,84.838570,79.244629,41601000
2014-05-15,84.957146,85.228569,84.005714,84.117142,78.570778,57711500
2014-05-16,84.089996,85.361427,83.628571,85.358574,79.730370,69064100
2014-05-19,85.407143,86.761429,85.332855,86.370003,80.675102,79438800
2014-05-20,86.358574,86.628571,85.818573,86.387146,80.691116,58709000
2014-05-21,86.261429,86.671425,86.008568,86.615715,80.904617,49214900
2014-05-22,86.657143,87.121429,86.300003,86.752853,81.032692,50190000
2014-05-23,86.750000,87.818573,86.638573,87.732857,81.948097,58052400
2014-05-27,87.982857,89.408569,87.947144,89.375717,83.482620,87216500
2014-05-28,89.431427,89.975716,89.111427,89.144287,83.266472,78870400
2014-05-29,89.692856,90.981430,89.681427,90.768570,84.783646,94118500
2014-05-30,91.139999,92.024284,89.842857,90.428574,84.466072,141005200
2014-06-02,90.565712,90.690002,88.928574,89.807144,83.885620,92337700
2014-06-03,89.779999,91.248573,89.750000,91.077141,85.071877,73177300
2014-06-04,91.062859,92.555717,90.872856,92.117142,86.043304,83870500
2014-06-05,92.314285,92.767143,91.801430,92.478569,86.380890,75951400
2014-06-06,92.842857,93.037140,92.067146,92.224289,86.143372,87484600
2014-06-09,92.699997,93.879997,91.750000,93.699997,87.521774,75415000
2014-06-10,94.730003,95.050003,93.570000,94.250000,88.035522,62777000
2014-06-11,94.129997,94.760002,93.470001,93.860001,87.671242,45681000
2014-06-12,94.040001,94.120003,91.900002,92.290001,86.204750,54749000
2014-06-13,92.199997,92.440002,90.879997,91.279999,85.261345,54525000
2014-06-16,91.510002,92.750000,91.449997,92.199997,86.120667,35561000
2014-06-17,92.309998,92.699997,91.800003,92.080002,86.008591,29726000
2014-06-18,92.269997,92.290001,91.349998,92.180000,86.102005,33514000
2014-06-19,92.290001,92.300003,91.339996,91.860001,85.803108,35528000
2014-06-20,91.849998,92.550003,90.900002,90.910004,84.915749,100898000
2014-06-23,91.320000,91.620003,90.599998,90.830002,84.840996,43694000
2014-06-24,90.750000,91.739998,90.190002,90.279999,84.327286,39036000
2014-06-25,90.209999,90.699997,89.650002,90.360001,84.402016,36869000
2014-06-26,90.370003,91.050003,89.800003,90.900002,84.906403,32629000
2014-06-27,90.820000,92.000000,90.769997,91.980003,85.915199,64029000
2014-06-30,92.099998,93.730003,92.089996,92.930000,86.802567,49482300
2014-07-01,93.519997,94.070000,93.129997,93.519997,87.353638,38223000
2014-07-02,93.870003,94.059998,93.089996,93.480003,87.316299,28465000
2014-07-03,93.669998,94.099998,93.199997,94.029999,87.830032,22891800
2014-07-07,94.139999,95.989998,94.099998,95.970001,89.642120,56468000
2014-07-08,96.269997,96.800003,93.919998,95.349998,89.062981,65222000
2014-07-09,95.440002,95.949997,94.760002,95.389999,89.100349,36436000
2014-07-10,93.760002,95.550003,93.519997,95.040001,88.773422,39686000
2014-07-11,95.360001,95.889999,94.860001,95.220001,88.941559,34018000
2014-07-14,95.860001,96.889999,95.650002,96.449997,90.090462,42810000
2014-07-15,96.800003,96.849998,95.029999,95.320000,89.034958,45477900
2014-07-16,96.970001,97.099998,94.739998,94.779999,88.530579,53396300
2014-07-17,95.029999,95.279999,92.570000,93.089996,86.951996,57298000
2014-07-18,93.620003,94.739998,93.019997,94.430000,88.203636,49988000
2014-07-21,94.989998,95.000000,93.720001,93.940002,87.745972,39079000
2014-07-22,94.680000,94.889999,94.120003,94.720001,88.474541,55197000
2014-07-23,95.419998,97.879997,95.169998,97.190002,90.781677,92918000
2014-07-24,97.040001,97.320000,96.419998,97.029999,90.632233,45729000
2014-07-25,96.849998,97.839996,96.639999,97.669998,91.230019,43469000
2014-07-28,97.820000,99.239998,97.550003,99.019997,92.490997,55318000
2014-07-29,99.330002,99.440002,98.250000,98.379997,91.893211,43143000
2014-07-30,98.440002,98.699997,97.669998,98.150002,91.678360,33010000
2014-07-31,97.160004,97.449997,95.330002,95.599998,89.296494,56843000
2014-08-01,94.900002,96.620003,94.809998,96.129997,89.791557,48511000
2014-08-04,96.370003,96.580002,95.169998,95.589996,89.287148,39958000
2014-08-05,95.360001,95.680000,94.360001,95.120003,88.848160,55933000
2014-08-06,94.750000,95.480003,94.709999,94.959999,88.698708,38558000
2014-08-07,94.930000,95.949997,94.099998,94.480003,88.689323,46711000
2014-08-08,94.260002,94.820000,93.279999,94.739998,88.933380,41865000
2014-08-11,95.269997,96.080002,94.839996,95.989998,90.106750,36585000
2014-08-12,96.040001,96.879997,95.610001,95.970001,90.087997,33795000
2014-08-13,96.150002,97.239998,96.040001,97.239998,91.280159,31916000
2014-08-14,97.330002,97.570000,96.800003,97.500000,91.524223,28116000
2014-08-15,97.900002,98.190002,96.860001,97.980003,91.974808,48951000
2014-08-18,98.489998,99.370003,97.980003,99.160004,93.082481,47572000
2014-08-19,99.410004,100.680000,99.320000,100.529999,94.368507,69399000
2014-08-20,100.440002,101.089996,99.949997,100.570000,94.406067,52699000
2014-08-21,100.570000,100.940002,100.110001,100.580002,94.415451,33478000
2014-08-22,100.290001,101.470001,100.190002,101.320000,95.110100,44184000
2014-08-25,101.790001,102.169998,101.279999,101.540001,95.316612,40270000
2014-08-26,101.419998,101.500000,100.860001,100.889999,94.706451,33152000
2014-08-27,101.019997,102.570000,100.699997,102.129997,95.870453,52369000
2014-08-28,101.589996,102.779999,101.559998,102.250000,95.983078,68460000
2014-08-29,102.860001,102.900002,102.199997,102.500000,96.217773,44595000
2014-09-02,103.059998,103.739998,102.720001,103.300003,96.968727,53564000
2014-09-03,103.099998,103.199997,98.580002,98.940002,92.875954,125421000
2014-09-04,98.849998,100.089996,97.790001,98.120003,92.106224,85718000
2014-09-05,98.800003,99.389999,98.309998,98.970001,92.904121,58457000
2014-09-08,99.300003,99.309998,98.050003,98.360001,92.331520,46356700
2014-09-09,99.080002,103.080002,96.139999,97.989998,91.984192,189846300
2014-09-10,98.010002,101.110001,97.760002,101.000000,94.809700,100869600
2014-09-11,100.410004,101.440002,99.620003,101.430000,95.213348,62353100
2014-09-12,101.209999,102.190002,101.080002,101.660004,95.429260,62626100
2014-09-15,102.809998,103.050003,101.440002,101.629997,95.401093,61316500
2014-09-16,99.800003,101.260002,98.889999,100.860001,94.678284,66908100
2014-09-17,101.269997,101.800003,100.589996,101.580002,95.354164,60926500
2014-09-18,101.930000,102.349998,101.559998,101.790001,95.551292,37299400
2014-09-19,102.290001,102.349998,100.500000,100.959999,94.772141,70902400
2014-09-22,101.800003,102.139999,100.580002,101.059998,94.866035,52788400
2014-09-23,100.599998,102.940002,100.540001,102.639999,96.349190,63402200
2014-09-24,102.160004,102.849998,101.199997,101.750000,95.513741,60171800
2014-09-25,100.510002,100.709999,97.720001,97.870003,91.871544,100092000
2014-09-26,98.529999,100.750000,98.400002,100.750000,94.575012,62370500
2014-09-29,98.650002,100.440002,98.629997,100.110001,93.974258,49766300
2014-09-30,100.809998,101.540001,100.529999,100.750000,94.575012,55264100
2014-10-01,100.589996,100.690002,98.699997,99.180000,93.101265,51491300
2014-10-02,99.269997,100.220001,98.040001,99.900002,93.777130,47757800
2014-10-03,99.440002,100.209999,99.040001,99.620003,93.514275,43469600
2014-10-06,99.949997,100.650002,99.419998,99.620003,93.514275,37051200
2014-10-07,99.430000,100.120003,98.730003,98.750000,92.697601,42094200
2014-10-08,98.760002,101.110001,98.309998,100.800003,94.621971,57404700
2014-10-09,101.540001,102.379997,100.610001,101.019997,94.828468,77376500
2014-10-10,100.690002,102.029999,100.300003,100.730003,94.556252,66331600
2014-10-13,101.330002,101.779999,99.809998,99.809998,93.692642,53583400
2014-10-14,100.389999,100.519997,98.570000,98.750000,92.697601,63688600
2014-10-15,97.970001,99.150002,95.180000,97.540001,91.561768,100933600
2014-10-16,95.550003,97.720001,95.410004,96.260002,90.360229,72154500
2014-10-17,97.500000,99.000000,96.809998,97.669998,91.683792,68179700
2014-10-20,98.320000,99.959999,98.220001,99.760002,93.645706,77517300
2014-10-21,103.019997,103.019997,101.269997,102.470001,96.189606,94623900
2014-10-22,102.839996,104.110001,102.599998,102.989998,96.677719,68263100
2014-10-23,104.080002,105.050003,103.629997,104.830002,98.404984,71074700
2014-10-24,105.180000,105.489998,104.529999,105.220001,98.771049,47053900
2014-10-27,104.849998,105.480003,104.699997,105.110001,98.667801,34187700
2014-10-28,105.400002,106.739998,105.349998,106.739998,100.197884,48060900
2014-10-29,106.650002,107.370003,106.360001,107.339996,100.761108,52687900
2014-10-30,106.959999,107.349998,105.900002,106.980003,100.423187,40654800
2014-10-31,108.010002,108.040001,107.209999,108.000000,101.380669,44639300
2014-11-03,108.220001,110.300003,108.010002,109.400002,102.694870,52282600
2014-11-04,109.360001,109.489998,107.720001,108.599998,101.943901,41574400
2014-11-05,109.099998,109.300003,108.129997,108.860001,102.187965,37435900
2014-11-06,108.599998,108.790001,107.800003,108.699997,102.480217,34968500
2014-11-07,108.750000,109.320000,108.550003,109.010002,102.772491,33691500
2014-11-10,109.019997,109.330002,108.669998,108.830002,102.602768,27195500
2014-11-11,108.699997,109.750000,108.400002,109.699997,103.423004,27442300
2014-11-12,109.379997,111.430000,109.370003,111.250000,104.884315,46942400
2014-11-13,111.800003,113.449997,111.599998,112.820000,106.364471,59522900
2014-11-14,113.150002,114.190002,111.209999,114.180000,107.646667,44063600
2014-11-17,114.269997,117.279999,113.300003,113.989998,107.467529,46746700
2014-11-18,113.940002,115.690002,113.889999,115.470001,108.862846,44224000
2014-11-19,115.440002,115.739998,113.800003,114.669998,108.108620,41869200
2014-11-20,114.910004,116.860001,114.849998,116.309998,109.654770,43395500
2014-11-21,117.510002,117.570000,116.029999,116.470001,109.805626,57179300
2014-11-24,116.849998,118.769997,116.620003,118.629997,111.842026,47450800
2014-11-25,119.070000,119.750000,117.449997,117.599998,110.870972,68840400
2014-11-26,117.940002,119.099998,117.830002,119.000000,112.190865,40768300
2014-11-28,119.269997,119.400002,118.050003,118.930000,112.124863,24814400
2014-12-01,118.809998,119.250000,111.269997,115.070000,108.485748,83814000
2014-12-02,113.500000,115.750000,112.750000,114.629997,108.070908,59348900
2014-12-03,115.750000,116.349998,115.110001,115.930000,109.296516,43063400
2014-12-04,115.769997,117.199997,115.290001,115.489998,108.881706,42044500
2014-12-05,115.989998,116.080002,114.639999,115.000000,108.419731,38318900
2014-12-08,114.099998,114.650002,111.620003,112.400002,105.968506,57664900
2014-12-09,110.190002,114.300003,109.349998,114.120003,107.590111,60208000
